DataRef;Intervalo;CodPrograma;Canal;Vol_Real;Vol_Previsto;Delta_Volume;Vol_Atendidas;Vol_Atendidas_NS_Real;Vol_Abandono;Taxa_Abandono_Atual;HC_Real_Equiv;HC_Previsto;Delta_HC;Faltas_Qtd_Daily;Ferias_Qtd_Daily;ABS_Taxa_Daily_Atual;TMA_Real_Agora;TMA_Previsto_Erlang;TME_Real_Agora;Pausa_Tecnica_Sec;Pausa_Pessoal_Sec;Nivel_Servico_Real_Ate_Agora;Nivel_Servico_Previsto_IA;Nivel_Servico_Previsto_Erlang;Nivel_Servico_Meia_Hora_Anterior;Impacto_Pilar_Pessoas;Impacto_Pilar_Volumetria;Impacto_Pilar_TMA;Impacto_Pilar_Contexto;Ofensor_1_Nome;Ofensor_1_Peso_NS;Ofensor_1_Pilar;Ofensor_2_Nome;Ofensor_2_Peso_NS;Ofensor_2_Pilar;Ofensor_3_Nome;Ofensor_3_Peso_NS;Ofensor_3_Pilar;Impulsionador_1_Nome;Impulsionador_1_Peso_NS;Impulsionador_1_Pilar;Impulsionador_2_Nome;Impulsionador_2_Peso_NS;Impulsionador_2_Pilar;Impulsionador_3_Nome;Impulsionador_3_Peso_NS;Impulsionador_3_Pilar
15/04/2026;00:00:00;347851;7;0;0.00000;0.00000;0;0;0;0;0.00;0.00000;0.00000;10;7;0,107966639;0;0.000000;0;0;0;0;NULL;0.000000;NULL;NULL;NULL;NULL;NULL;NULL;NULL;NULL;NULL;NULL;NULL;NULL;NULL;NULL;NULL;NULL;NULL;NULL;NULL;NULL;NULL;NULL;NULL
15/04/2026;00:30:00;347851;7;0;0.00000;0.00000;0;0;0;0;0.00;0.00000;0.00000;10;7;0,107966639;0;0.000000;0;0;0;0;NULL;0.000000;NULL;NULL;NULL;NULL;NULL;NULL;NULL;NULL;NULL;NULL;NULL;NULL;NULL;NULL;NULL;NULL;NULL;NULL;NULL;NULL;NULL;NULL;NULL
15/04/2026;01:00:00;347851;7;0;0.00000;0.00000;0;0;0;0;0.00;0.00000;0.00000;10;7;0,107966639;0;0.000000;0;0;0;0;NULL;0.000000;NULL;NULL;NULL;NULL;NULL;NULL;NULL;NULL;NULL;NULL;NULL;NULL;NULL;NULL;NULL;NULL;NULL;NULL;NULL;NULL;NULL;NULL;NULL
15/04/2026;01:30:00;347851;7;0;0.00000;0.00000;0;0;0;0;0.00;0.00000;0.00000;10;7;0,107966639;0;0.000000;0;0;0;0;NULL;0.000000;NULL;NULL;NULL;NULL;NULL;NULL;NULL;NULL;NULL;NULL;NULL;NULL;NULL;NULL;NULL;NULL;NULL;NULL;NULL;NULL;NULL;NULL;NULL
15/04/2026;02:00:00;347851;7;0;0.00000;0.00000;0;0;0;0;0.00;0.00000;0.00000;10;7;0,107966639;0;0.000000;0;0;0;0;NULL;0.000000;NULL;NULL;NULL;NULL;NULL;NULL;NULL;NULL;NULL;NULL;NULL;NULL;NULL;NULL;NULL;NULL;NULL;NULL;NULL;NULL;NULL;NULL;NULL
15/04/2026;02:30:00;347851;7;0;0.00000;0.00000;0;0;0;0;0.00;0.00000;0.00000;10;7;0,107966639;0;0.000000;0;0;0;0;NULL;0.000000;NULL;NULL;NULL;NULL;NULL;NULL;NULL;NULL;NULL;NULL;NULL;NULL;NULL;NULL;NULL;NULL;NULL;NULL;NULL;NULL;NULL;NULL;NULL
15/04/2026;03:00:00;347851;7;0;0.00000;0.00000;0;0;0;0;0.00;0.00000;0.00000;10;7;0,107966639;0;0.000000;0;0;0;0;NULL;0.000000;NULL;NULL;NULL;NULL;NULL;NULL;NULL;NULL;NULL;NULL;NULL;NULL;NULL;NULL;NULL;NULL;NULL;NULL;NULL;NULL;NULL;NULL;NULL
15/04/2026;03:30:00;347851;7;0;0.00000;0.00000;0;0;0;0;0.00;0.00000;0.00000;10;7;0,107966639;0;0.000000;0;0;0;0;NULL;0.000000;NULL;NULL;NULL;NULL;NULL;NULL;NULL;NULL;NULL;NULL;NULL;NULL;NULL;NULL;NULL;NULL;NULL;NULL;NULL;NULL;NULL;NULL;NULL
15/04/2026;04:00:00;347851;7;0;0.00000;0.00000;0;0;0;0;0.00;0.00000;0.00000;10;7;0,107966639;0;0.000000;0;0;0;0;NULL;0.000000;NULL;NULL;NULL;NULL;NULL;NULL;NULL;NULL;NULL;NULL;NULL;NULL;NULL;NULL;NULL;NULL;NULL;NULL;NULL;NULL;NULL;NULL;NULL
15/04/2026;04:30:00;347851;7;0;0.00000;0.00000;0;0;0;0;0.00;0.00000;0.00000;10;7;0,107966639;0;0.000000;0;0;0;0;NULL;0.000000;NULL;NULL;NULL;NULL;NULL;NULL;NULL;NULL;NULL;NULL;NULL;NULL;NULL;NULL;NULL;NULL;NULL;NULL;NULL;NULL;NULL;NULL;NULL
15/04/2026;05:00:00;347851;7;0;0.00000;0.00000;0;0;0;0;0.00;0.00000;0.00000;10;7;0,107966639;0;0.000000;0;0;0;0;NULL;0.000000;NULL;NULL;NULL;NULL;NULL;NULL;NULL;NULL;NULL;NULL;NULL;NULL;NULL;NULL;NULL;NULL;NULL;NULL;NULL;NULL;NULL;NULL;NULL
15/04/2026;05:30:00;347851;7;0;0.00000;0.00000;0;0;0;0;0.00;400.000;-400.000;10;7;0,107966639;0;0.000000;0;0;0;0;0.0475;0.000000;0.0000;-0.0062;-0.1125;-0.1108;0.0181;Pressao_Prevista_Vol_HC;-0.0881;Causas_Raiz;Vol_Previsto;-0.0857;Volumetria;TME_Real_Avg_Lag_1;-0.0727;TMA;Hora;0.0154;Contexto_Temporal;Ferias_Qtd_Daily;0.0121;Pessoas;Margem_Capacidade;0.0050;Causas_Raiz
15/04/2026;06:00:00;347851;7;0;260.037;-260.037;0;0;0;0;0.00;2.400.000;-2.400.000;10;7;0,107966639;0;646.594.010;0;0;0;0;0.3963;0.999899;0.0000;-0.0222;0.0751;-0.0790;0.0184;TME_Real_Avg_Lag_1;-0.0846;TMA;HC_Previsto;-0.0269;Pessoas;ABS_Taxa_Daily;-0.0214;Pessoas;Pressao_Prevista_Vol_HC;0.0794;Causas_Raiz;Desvio_Volume_Pct_Lag_1;0.0546;Volumetria;Ferias_Qtd_Daily;0.0397;Pessoas
15/04/2026;06:30:00;347851;7;2;514.737;-314.737;2;2;0;0;0.00;3.000.000;-3.000.000;10;7;0,107966639;710;627.674.730;3;0;0;1;0.3553;0.999400;0.0000;-0.0124;-0.0289;-0.1366;0.0309;Desvio_Volume_Pct_Lag_1;-0.1291;Volumetria;TME_Real_Avg_Lag_1;-0.1071;TMA;Delta_TMA_Lag_1;-0.0320;TMA;Pressao_Prevista_Vol_HC;0.1205;Causas_Raiz;Vol_Previsto;0.0995;Volumetria;NewHire_Pct_Daily;0.0301;Pessoas
15/04/2026;07:00:00;347851;7;7;939.924;-239.924;7;7;0;0;0.00;3.600.000;-3.600.000;10;7;0,107966639;159;528.201.789;5;0;0;1;0.2826;0.999399;0.0000;-0.0248;-0.0793;-0.1474;0.0169;Desvio_Volume_Pct_Lag_1;-0.1579;Volumetria;TME_Real_Avg_Lag_1;-0.1228;TMA;PerdaLog_Taxa_Daily;-0.0334;Pessoas;Pressao_Prevista_Vol_HC;0.1190;Causas_Raiz;Vol_Previsto;0.0777;Volumetria;Indicador_Sufoco;0.0313;Causas_Raiz
15/04/2026;07:30:00;347851;7;6;1.651.773;-1.051.773;6;6;0;0;0.00;4.400.000;-4.400.000;10;7;0,107966639;454;546.305.799;9;0;0;1;0.2501;0.996133;0.0000;-0.0137;-0.0816;-0.1743;0.0179;Desvio_Volume_Pct_Lag_1;-0.1630;Volumetria;TME_Real_Avg_Lag_1;-0.1257;TMA;Delta_TMA_Lag_1;-0.0468;TMA;Pressao_Prevista_Vol_HC;0.0995;Causas_Raiz;Vol_Previsto;0.0805;Volumetria;Indicador_Sufoco;0.0285;Causas_Raiz
15/04/2026;08:00:00;347851;7;33;3.426.327;-126.327;33;32;0;0;0.00;5.800.000;-5.800.000;10;7;0,107966639;358;549.571.170;3;0;0;0,96969697;0.1363;0.934333;0.0000;-0.0332;-0.1064;-0.1927;0.0110;Desvio_Volume_Pct_Lag_1;-0.1740;Volumetria;TME_Real_Avg_Lag_1;-0.1266;TMA;Delta_TMA_Lag_1;-0.0604;TMA;Pressao_Prevista_Vol_HC;0.0869;Causas_Raiz;Vol_Previsto;0.0663;Volumetria;NewHire_Pct_Daily;0.0219;Pessoas
15/04/2026;08:30:00;347851;7;32;4.991.820;-1.791.820;32;32;0;0;0.00;8.400.000;-8.400.000;10;7;0,107966639;533;572.365.519;1;0;0;1;0.1363;0.965300;0.0000;-0.0332;-0.1064;-0.1927;0.0110;Desvio_Volume_Pct_Lag_1;-0.1740;Volumetria;TME_Real_Avg_Lag_1;-0.1266;TMA;Delta_TMA_Lag_1;-0.0604;TMA;Pressao_Prevista_Vol_HC;0.0869;Causas_Raiz;Vol_Previsto;0.0663;Volumetria;NewHire_Pct_Daily;0.0219;Pessoas
15/04/2026;09:00:00;347851;7;48;6.587.955;-1.787.955;48;48;0;0;0.00;9.000.000;-9.000.000;10;7;0,107966639;379;592.189.000;2;0;0;1;0.1262;0.727566;0.0000;-0.0277;-0.0991;-0.1954;0.0025;Desvio_Volume_Pct_Lag_1;-0.1746;Volumetria;TME_Real_Avg_Lag_1;-0.1263;TMA;Delta_TMA_Lag_1;-0.0626;TMA;Pressao_Prevista_Vol_HC;0.0842;Causas_Raiz;Vol_Previsto;0.0743;Volumetria;NewHire_Pct_Daily;0.0219;Pessoas
15/04/2026;09:30:00;347851;7;56;7.535.688;-1.935.688;56;56;0;0;0.00;11.100.000;-11.100.000;10;7;0,107966639;534;622.442.010;1;0;0;1;0.1262;0.832000;0.0000;-0.0274;-0.1078;-0.1944;0.0026;Desvio_Volume_Pct_Lag_1;-0.1746;Volumetria;TME_Real_Avg_Lag_1;-0.1263;TMA;Delta_TMA_Lag_1;-0.0616;TMA;Pressao_Prevista_Vol_HC;0.0842;Causas_Raiz;Vol_Previsto;0.0656;Volumetria;NewHire_Pct_Daily;0.0209;Pessoas
15/04/2026;10:00:00;347851;7;67;8.182.095;-1.482.095;67;67;0;0;0.00;12.600.000;-12.600.000;10;7;0,107966639;435;626.201.270;1;0;0;1;0.1128;0.919799;0.0000;-0.0295;-0.1091;-0.1962;-0.0041;Desvio_Volume_Pct_Lag_1;-0.1745;Volumetria;TME_Real_Avg_Lag_1;-0.1263;TMA;Delta_TMA_Lag_1;-0.0634;TMA;Pressao_Prevista_Vol_HC;0.0834;Causas_Raiz;Vol_Previsto;0.0642;Volumetria;NewHire_Pct_Daily;0.0208;Pessoas
15/04/2026;10:30:00;347851;7;64;9.025.002;-2.625.002;63;63;1;0,015625;0.00;13.800.000;-13.800.000;10;7;0,107966639;656;649.681.319;1;0;0;0,984375;0.1128;0.859499;0.0000;-0.0307;-0.1004;-0.1964;-0.0041;Desvio_Volume_Pct_Lag_1;-0.1745;Volumetria;TME_Real_Avg_Lag_1;-0.1263;TMA;Delta_TMA_Lag_1;-0.0636;TMA;Pressao_Prevista_Vol_HC;0.0834;Causas_Raiz;Vol_Previsto;0.0729;Volumetria;NewHire_Pct_Daily;0.0208;Pessoas
15/04/2026;11:00:00;347851;7;63;8.992.494;-2.692.494;63;63;0;0;0.00;15.900.000;-15.900.000;10;7;0,107966639;624;644.620.449;2;0;0;1;0.1137;0.988066;0.0000;-0.0286;-0.1038;-0.2025;-0.0043;Desvio_Volume_Pct_Lag_1;-0.1737;Volumetria;TME_Real_Avg_Lag_1;-0.1271;TMA;Delta_TMA_Lag_1;-0.0673;TMA;Pressao_Prevista_Vol_HC;0.0872;Causas_Raiz;Vol_Previsto;0.0689;Volumetria;NewHire_Pct_Daily;0.0222;Pessoas
15/04/2026;11:30:00;347851;7;65;8.900.526;-2.400.526;63;63;0;0;0.00;16.200.000;-16.200.000;10;7;0,107966639;496;654.392.250;1;0;0;0,969230769;0.1158;0.991200;0.0000;-0.0291;-0.1036;-0.2025;-0.0044;Desvio_Volume_Pct_Lag_1;-0.1736;Volumetria;TME_Real_Avg_Lag_1;-0.1271;TMA;Delta_TMA_Lag_1;-0.0673;TMA;Pressao_Prevista_Vol_HC;0.0875;Causas_Raiz;Vol_Previsto;0.0689;Volumetria;NewHire_Pct_Daily;0.0217;Pessoas
15/04/2026;12:00:00;347851;7;68;8.350.542;-1.550.542;70;70;0;0;0.00;15.600.000;-15.600.000;10;7;0,107966639;560;654.373.240;1;0;0;1,029411765;0.1253;0.991566;0.0000;-0.0255;-0.1036;-0.2024;-0.0007;Desvio_Volume_Pct_Lag_1;-0.1736;Volumetria;TME_Real_Avg_Lag_1;-0.1271;TMA;Delta_TMA_Lag_1;-0.0673;TMA;Pressao_Prevista_Vol_HC;0.0875;Causas_Raiz;Vol_Previsto;0.0689;Volumetria;NewHire_Pct_Daily;0.0217;Pessoas
15/04/2026;12:30:00;347851;7;69;8.075.358;-1.175.358;69;69;0;0;0.00;14.700.000;-14.700.000;10;7;0,107966639;542;640.837.459;1;0;0;1;0.1253;0.992399;0.0000;-0.0255;-0.1036;-0.2024;-0.0007;Desvio_Volume_Pct_Lag_1;-0.1736;Volumetria;TME_Real_Avg_Lag_1;-0.1271;TMA;Delta_TMA_Lag_1;-0.0673;TMA;Pressao_Prevista_Vol_HC;0.0875;Causas_Raiz;Vol_Previsto;0.0689;Volumetria;NewHire_Pct_Daily;0.0217;Pessoas
15/04/2026;13:00:00;347851;7;53;7.989.501;-2.689.501;53;53;0;0;0.00;14.900.000;-14.900.000;10;7;0,107966639;695;649.902.420;0;0;0;1;0.1415;0.993633;0.0000;-0.0186;-0.1036;-0.2021;0.0081;Desvio_Volume_Pct_Lag_1;-0.1736;Volumetria;TME_Real_Avg_Lag_1;-0.1269;TMA;Delta_TMA_Lag_1;-0.0672;TMA;Pressao_Prevista_Vol_HC;0.0874;Causas_Raiz;Vol_Previsto;0.0689;Volumetria;NewHire_Pct_Daily;0.0202;Pessoas
15/04/2026;13:30:00;347851;7;73;8.094.966;-794.966;73;73;0;0;0.00;15.300.000;-15.300.000;10;7;0,107966639;509;635.751.680;1;0;0;1;0.1395;0.997400;0.0000;-0.0192;-0.1036;-0.2038;0.0081;Desvio_Volume_Pct_Lag_1;-0.1736;Volumetria;TME_Real_Avg_Lag_1;-0.1271;TMA;Delta_TMA_Lag_1;-0.0686;TMA;Pressao_Prevista_Vol_HC;0.0874;Causas_Raiz;Vol_Previsto;0.0689;Volumetria;NewHire_Pct_Daily;0.0217;Pessoas
15/04/2026;14:00:00;347851;7;78;8.120.175;-320.175;78;78;0;0;0.00;15.100.000;-15.100.000;10;7;0,107966639;507;662.307.499;2;0;0;1;0.1406;0.991533;0.0000;-0.0186;-0.1037;-0.2024;0.0076;Desvio_Volume_Pct_Lag_1;-0.1736;Volumetria;TME_Real_Avg_Lag_1;-0.1269;TMA;Delta_TMA_Lag_1;-0.0673;TMA;Pressao_Prevista_Vol_HC;0.0874;Causas_Raiz;Vol_Previsto;0.0689;Volumetria;NewHire_Pct_Daily;0.0202;Pessoas
15/04/2026;14:30:00;347851;7;67;8.228.526;-1.528.526;67;67;0;0;0.00;14.400.000;-14.400.000;10;7;0,107966639;525;651.484.099;1;0;0;1;0.1366;0.978766;0.0000;-0.0163;-0.1046;-0.2016;0.0088;Desvio_Volume_Pct_Lag_1;-0.1737;Volumetria;TME_Real_Avg_Lag_1;-0.1271;TMA;Delta_TMA_Lag_1;-0.0677;TMA;Pressao_Prevista_Vol_HC;0.0813;Causas_Raiz;Vol_Previsto;0.0681;Volumetria;NewHire_Pct_Daily;0.0222;Pessoas
15/04/2026;15:00:00;347851;7;66;8.001.132;-1.401.132;66;66;0;0;0.00;14.600.000;-14.600.000;10;7;0,107966639;747;663.019.779;2;0;0;1;0.1406;0.986599;0.0000;-0.0191;-0.1047;-0.2039;0.0040;Desvio_Volume_Pct_Lag_1;-0.1745;Volumetria;TME_Real_Avg_Lag_1;-0.1272;TMA;Delta_TMA_Lag_1;-0.0685;TMA;Pressao_Prevista_Vol_HC;0.0913;Causas_Raiz;Vol_Previsto;0.0687;Volumetria;NewHire_Pct_Daily;0.0217;Pessoas
15/04/2026;15:30:00;347851;7;63;8.412.588;-2.112.588;63;63;0;0;0.00;14.000.000;-14.000.000;10;7;0,107966639;620;658.322.780;1;0;0;1;0.1366;0.929866;0.0000;-0.0176;-0.1101;-0.2013;0.0052;Desvio_Volume_Pct_Lag_1;-0.1744;Volumetria;TME_Real_Avg_Lag_1;-0.1266;TMA;Delta_TMA_Lag_1;-0.0679;TMA;Pressao_Prevista_Vol_HC;0.0847;Causas_Raiz;Vol_Previsto;0.0631;Volumetria;NewHire_Pct_Daily;0.0227;Pessoas
15/04/2026;16:00:00;347851;7;54;9.076.227;-3.676.227;53;53;1;0,018518519;0.00;13.000.000;-13.000.000;10;7;0,107966639;605;675.348.690;1;0;0;0,981481481;0.1349;0.599233;0.0000;-0.0193;-0.1016;-0.2032;0.0075;Desvio_Volume_Pct_Lag_1;-0.1754;Volumetria;TME_Real_Avg_Lag_1;-0.1265;TMA;Delta_TMA_Lag_1;-0.0675;TMA;Pressao_Prevista_Vol_HC;0.0844;Causas_Raiz;Vol_Previsto;0.0726;Volumetria;NewHire_Pct_Daily;0.0222;Pessoas
15/04/2026;16:30:00;347851;7;55;8.513.046;-3.013.046;55;55;0;0;0.00;12.600.000;-12.600.000;10;7;0,107966639;583;666.462.979;0;0;0;1;0.1352;0.756799;0.0000;-0.0186;-0.1019;-0.2013;0.0053;Desvio_Volume_Pct_Lag_1;-0.1751;Volumetria;TME_Real_Avg_Lag_1;-0.1265;TMA;Delta_TMA_Lag_1;-0.0680;TMA;Pressao_Prevista_Vol_HC;0.0844;Causas_Raiz;Vol_Previsto;0.0720;Volumetria;NewHire_Pct_Daily;0.0228;Pessoas
15/04/2026;17:00:00;347851;7;63;7.613.100;-1.313.100;63;63;0;0;0.00;12.800.000;-12.800.000;10;7;0,107966639;444;681.171.779;1;0;0;1;0.1520;0.908000;0.0000;-0.0118;-0.1085;-0.2008;0.0119;Desvio_Volume_Pct_Lag_1;-0.1744;Volumetria;TME_Real_Avg_Lag_1;-0.1264;TMA;Delta_TMA_Lag_1;-0.0680;TMA;Pressao_Prevista_Vol_HC;0.0854;Causas_Raiz;Vol_Previsto;0.0647;Volumetria;NewHire_Pct_Daily;0.0228;Pessoas
15/04/2026;17:30:00;347851;7;52;6.988.959;-1.788.959;52;52;0;0;0.00;12.000.000;-12.000.000;10;7;0,107966639;716;682.008.609;0;0;0;1;0.1534;0.928399;0.0000;-0.0117;-0.1037;-0.2011;0.0121;Desvio_Volume_Pct_Lag_1;-0.1744;Volumetria;TME_Real_Avg_Lag_1;-0.1267;TMA;Delta_TMA_Lag_1;-0.0680;TMA;Pressao_Prevista_Vol_HC;0.0854;Causas_Raiz;Vol_Previsto;0.0695;Volumetria;NewHire_Pct_Daily;0.0227;Pessoas
15/04/2026;18:00:00;347851;7;40;5.962.302;-1.962.302;40;40;0;0;0.00;11.400.000;-11.400.000;10;7;0,107966639;740;700.721.269;0;0;0;1;0.1547;0.961566;0.0000;-0.0127;-0.1109;-0.2030;0.0108;Desvio_Volume_Pct_Lag_1;-0.1745;Volumetria;TME_Real_Avg_Lag_1;-0.1272;TMA;Delta_TMA_Lag_1;-0.0680;TMA;Pressao_Prevista_Vol_HC;0.0891;Causas_Raiz;Vol_Previsto;0.0626;Volumetria;NewHire_Pct_Daily;0.0222;Pessoas
15/04/2026;18:30:00;347851;7;45;5.343.522;-843.522;45;45;0;0;0.00;10.500.000;-10.500.000;10;7;0,107966639;574;681.474.920;1;0;0;1;0.1547;0.979266;0.0000;-0.0127;-0.1109;-0.2030;0.0108;Desvio_Volume_Pct_Lag_1;-0.1745;Volumetria;TME_Real_Avg_Lag_1;-0.1272;TMA;Delta_TMA_Lag_1;-0.0680;TMA;Pressao_Prevista_Vol_HC;0.0892;Causas_Raiz;Vol_Previsto;0.0626;Volumetria;NewHire_Pct_Daily;0.0222;Pessoas
15/04/2026;19:00:00;347851;7;55;4.795.365;704.635;55;55;0;0;0.00;9.800.000;-9.800.000;10;7;0,107966639;442;685.271.980;1;0;0;1;0.1538;0.983533;0.0000;-0.0149;-0.1110;-0.2021;0.0105;Desvio_Volume_Pct_Lag_1;-0.1746;Volumetria;TME_Real_Avg_Lag_1;-0.1269;TMA;Delta_TMA_Lag_1;-0.0678;TMA;Pressao_Prevista_Vol_HC;0.0896;Causas_Raiz;Vol_Previsto;0.0626;Volumetria;NewHire_Pct_Daily;0.0222;Pessoas
15/04/2026;19:30:00;347851;7;42;4.281.498;-0.81498;42;42;0;0;0.00;9.200.000;-9.200.000;10;7;0,107966639;791;689.184.160;0;0;0;1;0.1735;0.986466;0.0000;-0.0103;-0.1110;-0.1968;0.0107;Desvio_Volume_Pct_Lag_1;-0.1746;Volumetria;TME_Real_Avg_Lag_1;-0.1269;TMA;Delta_TMA_Lag_1;-0.0625;TMA;Pressao_Prevista_Vol_HC;0.0990;Causas_Raiz;Vol_Previsto;0.0626;Volumetria;NewHire_Pct_Daily;0.0222;Pessoas
15/04/2026;20:00:00;347851;7;34;3.693.531;-293.531;34;33;0;0;0.00;8.300.000;-8.300.000;10;7;0,107966639;634;696.152.879;3;0;0;0,970588235;0.1666;0.982466;0.0000;-0.0116;-0.1107;-0.1983;0.0053;Desvio_Volume_Pct_Lag_1;-0.1743;Volumetria;TME_Real_Avg_Lag_1;-0.1269;TMA;Delta_TMA_Lag_1;-0.0633;TMA;Pressao_Prevista_Vol_HC;0.1004;Causas_Raiz;Vol_Previsto;0.0626;Volumetria;NewHire_Pct_Daily;0.0220;Pessoas
15/04/2026;20:30:00;347851;7;26;3.160.695;-560.695;26;26;0;0;0.00;7.500.000;-7.500.000;10;7;0,107966639;868;702.042.090;0;0;0;1;0.1804;0.991699;0.0000;-0.0116;-0.1088;-0.1940;0.0053;Desvio_Volume_Pct_Lag_1;-0.1743;Volumetria;TME_Real_Avg_Lag_1;-0.1263;TMA;Delta_TMA_Lag_1;-0.0596;TMA;Pressao_Prevista_Vol_HC;0.1020;Causas_Raiz;Vol_Previsto;0.0645;Volumetria;NewHire_Pct_Daily;0.0220;Pessoas
15/04/2026;21:00:00;347851;7;20;2.556.006;-556.006;20;20;0;0;0.00;6.300.000;-6.300.000;10;7;0,107966639;899;707.654.269;0;0;0;1;0.1999;0.979533;0.0000;-0.0116;-0.1053;-0.1852;0.0057;Desvio_Volume_Pct_Lag_1;-0.1731;Volumetria;TME_Real_Avg_Lag_1;-0.1243;TMA;Delta_TMA_Lag_1;-0.0596;TMA;Pressao_Prevista_Vol_HC;0.0988;Causas_Raiz;Vol_Previsto;0.0668;Volumetria;NewHire_Pct_Daily;0.0217;Pessoas
15/04/2026;21:30:00;347851;7;16;1.774.194;-174.194;16;16;0;0;0.00;5.100.000;-5.100.000;10;7;0,107966639;1070;712.048.280;0;0;0;1;0.1771;0.993999;0.0000;-0.0172;-0.1027;-0.1932;0.0049;Desvio_Volume_Pct_Lag_1;-0.1736;Volumetria;TME_Real_Avg_Lag_1;-0.1263;TMA;Delta_TMA_Lag_1;-0.0590;TMA;Pressao_Prevista_Vol_HC;0.0979;Causas_Raiz;Vol_Previsto;0.0699;Volumetria;NewHire_Pct_Daily;0.0230;Pessoas
15/04/2026;22:00:00;347851;7;16;1.397.037;202.963;15;15;0;0;0.00;3.700.000;-3.700.000;10;7;0,107966639;489;689.973.550;2;0;0;0,9375;0.1937;0.951800;0.0000;-0.0123;-0.1036;-0.1918;0.0053;Desvio_Volume_Pct_Lag_1;-0.1740;Volumetria;TME_Real_Avg_Lag_1;-0.1257;TMA;Delta_TMA_Lag_1;-0.0624;TMA;Pressao_Prevista_Vol_HC;0.0984;Causas_Raiz;Vol_Previsto;0.0694;Volumetria;NewHire_Pct_Daily;0.0216;Pessoas
15/04/2026;22:30:00;347851;7;11;1.039.920;0.60080;12;12;0;0;0.00;3.300.000;-3.300.000;10;7;0,107966639;706;726.086.350;0;0;0;1,090909091;0.2077;0.971800;0.0000;-0.0149;-0.0907;-0.1779;0.0079;Desvio_Volume_Pct_Lag_1;-0.1690;Volumetria;TME_Real_Avg_Lag_1;-0.1262;TMA;Delta_TMA_Lag_1;-0.0535;TMA;Pressao_Prevista_Vol_HC;0.0948;Causas_Raiz;Vol_Previsto;0.0774;Volumetria;NewHire_Pct_Daily;0.0224;Pessoas
15/04/2026;23:00:00;347851;7;8;739.875;0.60125;8;8;0;0;0.00;1.900.000;-1.900.000;10;7;0,107966639;1018;694.380.379;0;0;0;1;0.2176;0.817000;0.0000;-0.0119;-0.1019;-0.1850;0.0165;Desvio_Volume_Pct_Lag_1;-0.1655;Volumetria;TME_Real_Avg_Lag_1;-0.1254;TMA;Delta_TMA_Lag_1;-0.0685;TMA;Pressao_Prevista_Vol_HC;0.1012;Causas_Raiz;Vol_Previsto;0.0627;Volumetria;Indicador_Sufoco;0.0233;Causas_Raiz
15/04/2026;23:30:00;347851;7;2;294.408;-0.94408;2;2;0;0;0.00;500.000;-500.000;10;7;0,107966639;1102;682.215.049;2;0;0;1;0.2491;0.324133;0.0000;0.0104;-0.0904;-0.1460;0.0148;Desvio_Volume_Pct_Lag_1;-0.1227;Volumetria;TME_Real_Avg_Lag_1;-0.0956;TMA;Delta_TMA_Lag_1;-0.0571;TMA;Pressao_Prevista_Vol_HC;0.0918;Causas_Raiz;Vol_Previsto;0.0312;Volumetria;Ferias_Qtd_Daily;0.0196;Pessoas
16/04/2026;00:00:00;347851;7;0;0.00000;0.00000;0;0;0;0;0.00;0.00000;0.00000;8;6;0,102575823;0;0.000000;0;0;0;0;NULL;0.000000;NULL;NULL;NULL;NULL;NULL;NULL;NULL;NULL;NULL;NULL;NULL;NULL;NULL;NULL;NULL;NULL;NULL;NULL;NULL;NULL;NULL;NULL;NULL
16/04/2026;00:30:00;347851;7;0;0.00000;0.00000;0;0;0;0;0.00;0.00000;0.00000;8;6;0,102575823;0;0.000000;0;0;0;0;NULL;0.000000;NULL;NULL;NULL;NULL;NULL;NULL;NULL;NULL;NULL;NULL;NULL;NULL;NULL;NULL;NULL;NULL;NULL;NULL;NULL;NULL;NULL;NULL;NULL
16/04/2026;01:00:00;347851;7;0;0.00000;0.00000;0;0;0;0;0.00;0.00000;0.00000;8;6;0,102575823;0;0.000000;0;0;0;0;NULL;0.000000;NULL;NULL;NULL;NULL;NULL;NULL;NULL;NULL;NULL;NULL;NULL;NULL;NULL;NULL;NULL;NULL;NULL;NULL;NULL;NULL;NULL;NULL;NULL
16/04/2026;01:30:00;347851;7;0;0.00000;0.00000;0;0;0;0;0.00;0.00000;0.00000;8;6;0,102575823;0;0.000000;0;0;0;0;NULL;0.000000;NULL;NULL;NULL;NULL;NULL;NULL;NULL;NULL;NULL;NULL;NULL;NULL;NULL;NULL;NULL;NULL;NULL;NULL;NULL;NULL;NULL;NULL;NULL
16/04/2026;02:00:00;347851;7;0;0.00000;0.00000;0;0;0;0;0.00;0.00000;0.00000;8;6;0,102575823;0;0.000000;0;0;0;0;NULL;0.000000;NULL;NULL;NULL;NULL;NULL;NULL;NULL;NULL;NULL;NULL;NULL;NULL;NULL;NULL;NULL;NULL;NULL;NULL;NULL;NULL;NULL;NULL;NULL
16/04/2026;02:30:00;347851;7;0;0.00000;0.00000;0;0;0;0;0.00;0.00000;0.00000;8;6;0,102575823;0;0.000000;0;0;0;0;NULL;0.000000;NULL;NULL;NULL;NULL;NULL;NULL;NULL;NULL;NULL;NULL;NULL;NULL;NULL;NULL;NULL;NULL;NULL;NULL;NULL;NULL;NULL;NULL;NULL
16/04/2026;03:00:00;347851;7;0;0.00000;0.00000;0;0;0;0;0.00;0.00000;0.00000;8;6;0,102575823;0;0.000000;0;0;0;0;NULL;0.000000;NULL;NULL;NULL;NULL;NULL;NULL;NULL;NULL;NULL;NULL;NULL;NULL;NULL;NULL;NULL;NULL;NULL;NULL;NULL;NULL;NULL;NULL;NULL
16/04/2026;03:30:00;347851;7;0;0.00000;0.00000;0;0;0;0;0.00;0.00000;0.00000;8;6;0,102575823;0;0.000000;0;0;0;0;NULL;0.000000;NULL;NULL;NULL;NULL;NULL;NULL;NULL;NULL;NULL;NULL;NULL;NULL;NULL;NULL;NULL;NULL;NULL;NULL;NULL;NULL;NULL;NULL;NULL
16/04/2026;04:00:00;347851;7;0;0.00000;0.00000;0;0;0;0;0.00;0.00000;0.00000;8;6;0,102575823;0;0.000000;0;0;0;0;NULL;0.000000;NULL;NULL;NULL;NULL;NULL;NULL;NULL;NULL;NULL;NULL;NULL;NULL;NULL;NULL;NULL;NULL;NULL;NULL;NULL;NULL;NULL;NULL;NULL
16/04/2026;04:30:00;347851;7;0;0.00000;0.00000;0;0;0;0;0.00;0.00000;0.00000;8;6;0,102575823;0;0.000000;0;0;0;0;NULL;0.000000;NULL;NULL;NULL;NULL;NULL;NULL;NULL;NULL;NULL;NULL;NULL;NULL;NULL;NULL;NULL;NULL;NULL;NULL;NULL;NULL;NULL;NULL;NULL
16/04/2026;05:00:00;347851;7;0;0.00000;0.00000;0;0;0;0;0.00;0.00000;0.00000;8;6;0,102575823;0;0.000000;0;0;0;0;NULL;0.000000;NULL;NULL;NULL;NULL;NULL;NULL;NULL;NULL;NULL;NULL;NULL;NULL;NULL;NULL;NULL;NULL;NULL;NULL;NULL;NULL;NULL;NULL;NULL
16/04/2026;05:30:00;347851;7;0;0.00000;0.00000;0;0;0;0;0.00;400.000;-400.000;8;6;0,102575823;0;0.000000;0;0;0;0;0.0475;0.000000;0.0000;-0.0067;-0.1106;-0.1108;0.0167;Pressao_Prevista_Vol_HC;-0.0881;Causas_Raiz;Vol_Previsto;-0.0838;Volumetria;TME_Real_Avg_Lag_1;-0.0727;TMA;Hora;0.0154;Contexto_Temporal;Ferias_Qtd_Daily;0.0121;Pessoas;Margem_Capacidade;0.0050;Causas_Raiz
16/04/2026;06:00:00;347851;7;0;252.042;-252.042;0;0;0;0;0.00;2.400.000;-2.400.000;8;6;0,102575823;0;629.530.910;0;0;0;0;0.4282;1.000.000;0.0000;-0.0258;0.0652;-0.0653;0.0090;TME_Real_Avg_Lag_1;-0.0843;TMA;HC_Previsto;-0.0259;Pessoas;ABS_Taxa_Daily;-0.0200;Pessoas;Pressao_Prevista_Vol_HC;0.0970;Causas_Raiz;Desvio_Volume_Pct_Lag_1;0.0448;Volumetria;Ferias_Qtd_Daily;0.0409;Pessoas
16/04/2026;06:30:00;347851;7;5;498.912;0.01088;5;5;0;0;0.00;3.000.000;-3.000.000;8;6;0,102575823;328;611.110.890;4;0;0;1;0.4112;0.999600;0.0000;-0.0191;-0.0089;-0.1141;0.0272;Desvio_Volume_Pct_Lag_1;-0.1236;Volumetria;TME_Real_Avg_Lag_1;-0.1045;TMA;PerdaLog_Taxa_Daily;-0.0362;Pessoas;Pressao_Prevista_Vol_HC;0.1228;Causas_Raiz;Vol_Previsto;0.1140;Volumetria;NewHire_Pct_Daily;0.0292;Pessoas
16/04/2026;07:00:00;347851;7;7;911.022;-211.022;7;7;0;0;0.00;3.600.000;-3.600.000;8;6;0,102575823;232;514.262.970;3;0;0;1;0.2822;0.999599;0.0000;-0.0179;-0.0670;-0.1347;0.0079;Desvio_Volume_Pct_Lag_1;-0.1513;Volumetria;TME_Real_Avg_Lag_1;-0.1190;TMA;PerdaLog_Taxa_Daily;-0.0383;Pessoas;Pressao_Prevista_Vol_HC;0.1043;Causas_Raiz;Vol_Previsto;0.0835;Volumetria;Indicador_Sufoco;0.0305;Causas_Raiz
16/04/2026;07:30:00;347851;7;13;1.600.983;-300.983;13;13;0;0;0.00;4.400.000;-4.400.000;8;6;0,102575823;454;531.889.219;1;0;0;1;0.2729;0.997600;0.0000;-0.0277;-0.0737;-0.1446;0.0116;Desvio_Volume_Pct_Lag_1;-0.1630;Volumetria;TME_Real_Avg_Lag_1;-0.1257;TMA;PerdaLog_Taxa_Daily;-0.0315;Pessoas;Pressao_Prevista_Vol_HC;0.1087;Causas_Raiz;Vol_Previsto;0.0883;Volumetria;Indicador_Sufoco;0.0263;Causas_Raiz
16/04/2026;08:00:00;347851;7;26;3.320.973;-720.973;26;26;0;0;0.00;5.800.000;-5.800.000;8;6;0,102575823;231;535.068.419;1;0;0;1;0.1182;0.956899;0.0000;-0.0426;-0.1036;-0.1947;0.0047;Desvio_Volume_Pct_Lag_1;-0.1741;Volumetria;TME_Real_Avg_Lag_1;-0.1263;TMA;Delta_TMA_Lag_1;-0.0604;TMA;Pressao_Prevista_Vol_HC;0.0881;Causas_Raiz;Vol_Previsto;0.0694;Volumetria;NewHire_Pct_Daily;0.0219;Pessoas
16/04/2026;08:30:00;347851;7;44;4.838.328;-438.328;43;43;0;0;0.00;8.400.000;-8.400.000;8;6;0,102575823;391;557.261.260;2;0;0;0,977272727;0.1182;0.981000;0.0000;-0.0426;-0.1027;-0.1950;0.0047;Desvio_Volume_Pct_Lag_1;-0.1740;Volumetria;TME_Real_Avg_Lag_1;-0.1266;TMA;Delta_TMA_Lag_1;-0.0604;TMA;Pressao_Prevista_Vol_HC;0.0877;Causas_Raiz;Vol_Previsto;0.0701;Volumetria;NewHire_Pct_Daily;0.0219;Pessoas
16/04/2026;09:00:00;347851;7;54;6.385.383;-985.383;54;54;1;0,018518519;0.00;9.000.000;-9.000.000;8;6;0,102575823;435;576.561.610;1;0;0;1;0.1080;0.826733;0.0000;-0.0360;-0.1089;-0.1976;-0.0038;Desvio_Volume_Pct_Lag_1;-0.1746;Volumetria;TME_Real_Avg_Lag_1;-0.1263;TMA;Delta_TMA_Lag_1;-0.0624;TMA;Pressao_Prevista_Vol_HC;0.0854;Causas_Raiz;Vol_Previsto;0.0644;Volumetria;NewHire_Pct_Daily;0.0219;Pessoas
16/04/2026;09:30:00;347851;7;66;7.303.974;-703.974;66;66;0;0;0.00;11.100.000;-11.100.000;8;6;0,102575823;488;606.016.259;3;0;0;1;0.1080;0.905700;0.0000;-0.0360;-0.1089;-0.1975;-0.0038;Desvio_Volume_Pct_Lag_1;-0.1746;Volumetria;TME_Real_Avg_Lag_1;-0.1263;TMA;Delta_TMA_Lag_1;-0.0624;TMA;Pressao_Prevista_Vol_HC;0.0854;Causas_Raiz;Vol_Previsto;0.0644;Volumetria;NewHire_Pct_Daily;0.0219;Pessoas
16/04/2026;10:00:00;347851;7;72;7.930.506;-730.506;72;72;0;0;0.00;12.600.000;-12.600.000;8;6;0,102575823;535;609.676.320;0;0;0;1;0.0961;0.960799;0.0000;-0.0392;-0.1099;-0.1987;-0.0103;Desvio_Volume_Pct_Lag_1;-0.1739;Volumetria;TME_Real_Avg_Lag_1;-0.1263;TMA;Delta_TMA_Lag_1;-0.0635;TMA;Pressao_Prevista_Vol_HC;0.0845;Causas_Raiz;Vol_Previsto;0.0628;Volumetria;NewHire_Pct_Daily;0.0207;Pessoas
16/04/2026;10:30:00;347851;7;62;8.747.493;-2.547.493;62;62;0;0;0.00;13.800.000;-13.800.000;8;6;0,102575823;676;632.536.750;0;0;0;1;0.0947;0.927633;0.0000;-0.0393;-0.1096;-0.1985;-0.0105;Desvio_Volume_Pct_Lag_1;-0.1738;Volumetria;TME_Real_Avg_Lag_1;-0.1262;TMA;Delta_TMA_Lag_1;-0.0634;TMA;Pressao_Prevista_Vol_HC;0.0845;Causas_Raiz;Vol_Previsto;0.0630;Volumetria;NewHire_Pct_Daily;0.0208;Pessoas
16/04/2026;11:00:00;347851;7;66;8.715.984;-2.115.984;66;66;0;0;0.00;15.900.000;-15.900.000;8;6;0,102575823;595;627.609.440;1;0;0;1;0.0977;0.995499;0.0000;-0.0404;-0.1048;-0.2030;-0.0108;Desvio_Volume_Pct_Lag_1;-0.1736;Volumetria;TME_Real_Avg_Lag_1;-0.1269;TMA;Delta_TMA_Lag_1;-0.0658;TMA;Pressao_Prevista_Vol_HC;0.0887;Causas_Raiz;Vol_Previsto;0.0677;Volumetria;NewHire_Pct_Daily;0.0202;Pessoas
16/04/2026;11:30:00;347851;7;60;8.626.842;-2.626.842;60;60;0;0;0.00;16.200.000;-16.200.000;8;6;0,102575823;717;637.123.370;1;0;0;1;0.0981;0.996900;0.0000;-0.0426;-0.1041;-0.2007;-0.0116;Desvio_Volume_Pct_Lag_1;-0.1736;Volumetria;TME_Real_Avg_Lag_1;-0.1269;TMA;Delta_TMA_Lag_1;-0.0635;TMA;Pressao_Prevista_Vol_HC;0.0887;Causas_Raiz;Vol_Previsto;0.0684;Volumetria;NewHire_Pct_Daily;0.0202;Pessoas
16/04/2026;12:00:00;347851;7;71;8.093.772;-993.772;71;71;0;0;0.00;15.600.000;-15.600.000;8;6;0,102575823;552;637.104.849;1;0;0;1;0.1053;0.996799;0.0000;-0.0392;-0.1112;-0.2030;-0.0070;Desvio_Volume_Pct_Lag_1;-0.1736;Volumetria;TME_Real_Avg_Lag_1;-0.1269;TMA;Delta_TMA_Lag_1;-0.0658;TMA;Pressao_Prevista_Vol_HC;0.0895;Causas_Raiz;Vol_Previsto;0.0614;Volumetria;NewHire_Pct_Daily;0.0202;Pessoas
16/04/2026;12:30:00;347851;7;65;7.827.051;-1.327.051;65;65;0;0;0.00;14.700.000;-14.700.000;8;6;0,102575823;593;623.926.280;0;0;0;1;0.1053;0.997200;0.0000;-0.0392;-0.1048;-0.2030;-0.0070;Desvio_Volume_Pct_Lag_1;-0.1736;Volumetria;TME_Real_Avg_Lag_1;-0.1269;TMA;Delta_TMA_Lag_1;-0.0658;TMA;Pressao_Prevista_Vol_HC;0.0887;Causas_Raiz;Vol_Previsto;0.0677;Volumetria;NewHire_Pct_Daily;0.0202;Pessoas
16/04/2026;13:00:00;347851;7;64;7.743.834;-1.343.834;64;64;0;0;0.00;14.900.000;-14.900.000;8;6;0,102575823;771;632.752.020;1;0;0;1;0.1238;0.997666;0.0000;-0.0303;-0.1105;-0.2021;0.0010;Desvio_Volume_Pct_Lag_1;-0.1736;Volumetria;TME_Real_Avg_Lag_1;-0.1269;TMA;Delta_TMA_Lag_1;-0.0649;TMA;Pressao_Prevista_Vol_HC;0.0894;Causas_Raiz;Vol_Previsto;0.0620;Volumetria;NewHire_Pct_Daily;0.0202;Pessoas
16/04/2026;13:30:00;347851;7;56;7.846.056;-2.246.056;56;56;0;0;0.00;15.300.000;-15.300.000;8;6;0,102575823;495;618.974.709;2;0;0;1;0.1214;0.999100;0.0000;-0.0305;-0.1112;-0.2044;0.0018;Desvio_Volume_Pct_Lag_1;-0.1736;Volumetria;TME_Real_Avg_Lag_1;-0.1269;TMA;Delta_TMA_Lag_1;-0.0671;TMA;Pressao_Prevista_Vol_HC;0.0894;Causas_Raiz;Vol_Previsto;0.0613;Volumetria;NewHire_Pct_Daily;0.0202;Pessoas
16/04/2026;14:00:00;347851;7;77;7.870.488;-170.488;77;77;0;0;0.00;15.100.000;-15.100.000;8;6;0,102575823;492;644.829.740;1;0;0;1;0.1229;0.996866;0.0000;-0.0303;-0.1105;-0.2024;0.0004;Desvio_Volume_Pct_Lag_1;-0.1736;Volumetria;TME_Real_Avg_Lag_1;-0.1269;TMA;Delta_TMA_Lag_1;-0.0650;TMA;Pressao_Prevista_Vol_HC;0.0894;Causas_Raiz;Vol_Previsto;0.0620;Volumetria;NewHire_Pct_Daily;0.0202;Pessoas
16/04/2026;14:30:00;347851;7;76;7.975.509;-375.509;76;76;0;0;0.00;14.400.000;-14.400.000;8;6;0,102575823;605;634.291.959;1;0;0;1;0.1224;0.991199;0.0000;-0.0262;-0.1048;-0.2065;0.0012;Desvio_Volume_Pct_Lag_1;-0.1736;Volumetria;TME_Real_Avg_Lag_1;-0.1271;TMA;Delta_TMA_Lag_1;-0.0688;TMA;Pressao_Prevista_Vol_HC;0.0885;Causas_Raiz;Vol_Previsto;0.0677;Volumetria;NewHire_Pct_Daily;0.0217;Pessoas
16/04/2026;15:00:00;347851;7;80;7.755.105;244.895;79;79;1;0,0125;0.00;14.600.000;-14.600.000;8;6;0,102575823;620;645.523.219;1;0;0;0,9875;0.1224;0.994799;0.0000;-0.0304;-0.1059;-0.2044;-0.0023;Desvio_Volume_Pct_Lag_1;-0.1745;Volumetria;TME_Real_Avg_Lag_1;-0.1270;TMA;Delta_TMA_Lag_1;-0.0670;TMA;Pressao_Prevista_Vol_HC;0.0924;Causas_Raiz;Vol_Previsto;0.0676;Volumetria;NewHire_Pct_Daily;0.0202;Pessoas
16/04/2026;15:30:00;347851;7;74;8.153.910;-753.910;73;73;0;0;0.00;14.000.000;-14.000.000;8;6;0,102575823;696;640.950.170;1;0;0;0,986486486;0.1185;0.965533;0.0000;-0.0281;-0.1065;-0.2045;-0.0014;Desvio_Volume_Pct_Lag_1;-0.1746;Volumetria;TME_Real_Avg_Lag_1;-0.1269;TMA;Delta_TMA_Lag_1;-0.0685;TMA;Pressao_Prevista_Vol_HC;0.0884;Causas_Raiz;Vol_Previsto;0.0668;Volumetria;NewHire_Pct_Daily;0.0222;Pessoas
16/04/2026;16:00:00;347851;7;43;8.797.143;-4.497.143;41;27;2;0,046511628;0.00;13.000.000;-13.000.000;8;6;0,102575823;726;657.526.780;45;0;0;0,627906977;0.1170;0.767099;0.0000;-0.0304;-0.1031;-0.2024;-0.0014;Desvio_Volume_Pct_Lag_1;-0.1751;Volumetria;TME_Real_Avg_Lag_1;-0.1263;TMA;Delta_TMA_Lag_1;-0.0671;TMA;Pressao_Prevista_Vol_HC;0.0879;Causas_Raiz;Vol_Previsto;0.0708;Volumetria;NewHire_Pct_Daily;0.0208;Pessoas
16/04/2026;16:30:00;347851;7;63;8.251.278;-1.951.278;63;54;1;0,015873016;0.00;12.600.000;-12.600.000;8;6;0,102575823;750;648.875.560;8;0;0;0,857142857;0.1170;0.867500;0.0000;-0.0286;-0.1031;-0.2031;-0.0011;Desvio_Volume_Pct_Lag_1;-0.1751;Volumetria;TME_Real_Avg_Lag_1;-0.1265;TMA;Delta_TMA_Lag_1;-0.0674;TMA;Pressao_Prevista_Vol_HC;0.0855;Causas_Raiz;Vol_Previsto;0.0708;Volumetria;NewHire_Pct_Daily;0.0222;Pessoas
16/04/2026;17:00:00;347851;7;56;7.379.004;-1.779.004;56;56;0;0;0.00;12.800.000;-12.800.000;8;6;0,102575823;534;663.196.210;1;0;0;1;0.1353;0.953599;0.0000;-0.0217;-0.1051;-0.2041;0.0054;Desvio_Volume_Pct_Lag_1;-0.1745;Volumetria;TME_Real_Avg_Lag_1;-0.1269;TMA;Delta_TMA_Lag_1;-0.0686;TMA;Pressao_Prevista_Vol_HC;0.0889;Causas_Raiz;Vol_Previsto;0.0682;Volumetria;NewHire_Pct_Daily;0.0222;Pessoas
16/04/2026;17:30:00;347851;7;56;6.774.054;-1.174.054;56;56;0;0;0.00;12.000.000;-12.000.000;8;6;0,102575823;605;664.010.950;1;0;0;1;0.1345;0.964400;0.0000;-0.0216;-0.1059;-0.2054;0.0046;Desvio_Volume_Pct_Lag_1;-0.1746;Volumetria;TME_Real_Avg_Lag_1;-0.1272;TMA;Delta_TMA_Lag_1;-0.0680;TMA;Pressao_Prevista_Vol_HC;0.0891;Causas_Raiz;Vol_Previsto;0.0677;Volumetria;NewHire_Pct_Daily;0.0227;Pessoas
16/04/2026;18:00:00;347851;7;33;5.778.969;-2.478.969;33;33;0;0;0.00;11.400.000;-11.400.000;8;6;0,102575823;881;682.229.790;1;0;0;1;0.1365;0.980900;0.0000;-0.0222;-0.1121;-0.2053;0.0045;Desvio_Volume_Pct_Lag_1;-0.1745;Volumetria;TME_Real_Avg_Lag_1;-0.1272;TMA;Delta_TMA_Lag_1;-0.0680;TMA;Pressao_Prevista_Vol_HC;0.0903;Causas_Raiz;Vol_Previsto;0.0614;Volumetria;NewHire_Pct_Daily;0.0222;Pessoas
16/04/2026;18:30:00;347851;7;43;5.179.215;-879.215;43;43;0;0;0.00;10.500.000;-10.500.000;8;6;0,102575823;597;663.491.339;1;0;0;1;0.1357;0.990033;0.0000;-0.0244;-0.1122;-0.2047;0.0045;Desvio_Volume_Pct_Lag_1;-0.1746;Volumetria;TME_Real_Avg_Lag_1;-0.1272;TMA;Delta_TMA_Lag_1;-0.0678;TMA;Pressao_Prevista_Vol_HC;0.0907;Causas_Raiz;Vol_Previsto;0.0614;Volumetria;NewHire_Pct_Daily;0.0222;Pessoas
16/04/2026;19:00:00;347851;7;42;4.647.912;-447.912;42;42;0;0;0.00;9.800.000;-9.800.000;8;6;0,102575823;527;667.188.199;0;0;0;1;0.1553;0.991899;0.0000;-0.0197;-0.1122;-0.1991;0.0043;Desvio_Volume_Pct_Lag_1;-0.1746;Volumetria;TME_Real_Avg_Lag_1;-0.1269;TMA;Delta_TMA_Lag_1;-0.0624;TMA;Pressao_Prevista_Vol_HC;0.1001;Causas_Raiz;Vol_Previsto;0.0614;Volumetria;NewHire_Pct_Daily;0.0222;Pessoas
16/04/2026;19:30:00;347851;7;31;4.149.846;-1.049.846;31;31;0;0;0.00;9.200.000;-9.200.000;8;6;0,102575823;902;670.997.139;1;0;0;1;0.1691;0.993299;0.0000;-0.0197;-0.1097;-0.1954;0.0043;Desvio_Volume_Pct_Lag_1;-0.1746;Volumetria;TME_Real_Avg_Lag_1;-0.1269;TMA;Delta_TMA_Lag_1;-0.0588;TMA;Pressao_Prevista_Vol_HC;0.1017;Causas_Raiz;Vol_Previsto;0.0639;Volumetria;NewHire_Pct_Daily;0.0222;Pessoas
16/04/2026;20:00:00;347851;7;26;3.579.960;-979.960;26;26;0;0;0.00;8.300.000;-8.300.000;8;6;0,102575823;1024;677.781.969;1;0;0;1;0.1622;0.990433;0.0000;-0.0211;-0.1094;-0.1969;-0.0010;Desvio_Volume_Pct_Lag_1;-0.1743;Volumetria;TME_Real_Avg_Lag_1;-0.1269;TMA;Delta_TMA_Lag_1;-0.0596;TMA;Pressao_Prevista_Vol_HC;0.1032;Causas_Raiz;Vol_Previsto;0.0639;Volumetria;NewHire_Pct_Daily;0.0220;Pessoas
16/04/2026;20:30:00;347851;7;23;3.063.507;-763.507;23;22;0;0;0.00;7.500.000;-7.500.000;8;6;0,102575823;1045;683.515.769;4;0;0;0,956521739;0.1818;0.995700;0.0000;-0.0204;-0.1064;-0.1876;-0.0011;Desvio_Volume_Pct_Lag_1;-0.1731;Volumetria;TME_Real_Avg_Lag_1;-0.1244;TMA;Delta_TMA_Lag_1;-0.0596;TMA;Pressao_Prevista_Vol_HC;0.0999;Causas_Raiz;Vol_Previsto;0.0658;Volumetria;NewHire_Pct_Daily;0.0223;Pessoas
16/04/2026;21:00:00;347851;7;17;2.477.412;-777.412;17;17;0;0;0.00;6.300.000;-6.300.000;8;6;0,102575823;1040;688.979.840;0;0;0;1;0.1818;0.987666;0.0000;-0.0207;-0.1065;-0.1880;-0.0007;Desvio_Volume_Pct_Lag_1;-0.1731;Volumetria;TME_Real_Avg_Lag_1;-0.1249;TMA;Delta_TMA_Lag_1;-0.0596;TMA;Pressao_Prevista_Vol_HC;0.0999;Causas_Raiz;Vol_Previsto;0.0656;Volumetria;NewHire_Pct_Daily;0.0220;Pessoas
16/04/2026;21:30:00;347851;7;18;1.719.639;0.80361;18;18;0;0;0.00;5.100.000;-5.100.000;8;6;0,102575823;551;693.257.899;0;0;0;1;0.1649;0.996399;0.0000;-0.0257;-0.1030;-0.1932;-0.0011;Desvio_Volume_Pct_Lag_1;-0.1736;Volumetria;TME_Real_Avg_Lag_1;-0.1262;TMA;Delta_TMA_Lag_1;-0.0553;TMA;Pressao_Prevista_Vol_HC;0.0984;Causas_Raiz;Vol_Previsto;0.0697;Volumetria;NewHire_Pct_Daily;0.0229;Pessoas
16/04/2026;22:00:00;347851;7;15;1.354.080;145.920;15;15;0;0;0.00;3.700.000;-3.700.000;8;6;0,102575823;510;671.765.700;1;0;0;1;0.1856;0.964833;0.0000;-0.0207;-0.1030;-0.1894;0.0007;Desvio_Volume_Pct_Lag_1;-0.1740;Volumetria;TME_Real_Avg_Lag_1;-0.1257;TMA;Delta_TMA_Lag_1;-0.0589;TMA;Pressao_Prevista_Vol_HC;0.0989;Causas_Raiz;Vol_Previsto;0.0700;Volumetria;NewHire_Pct_Daily;0.0220;Pessoas
16/04/2026;22:30:00;347851;7;9;1.007.943;-107.943;9;9;0;0;0.00;3.300.000;-3.300.000;8;6;0,102575823;768;706.925.510;1;0;0;1;0.2057;0.979600;0.0000;-0.0272;-0.0800;-0.1818;0.0017;Desvio_Volume_Pct_Lag_1;-0.1615;Volumetria;TME_Real_Avg_Lag_1;-0.1262;TMA;Delta_TMA_Lag_1;-0.0553;TMA;Pressao_Prevista_Vol_HC;0.0970;Causas_Raiz;Vol_Previsto;0.0806;Volumetria;Indicador_Sufoco;0.0295;Causas_Raiz
16/04/2026;23:00:00;347851;7;6;717.126;-117.126;6;6;0;0;0.00;1.900.000;-1.900.000;8;6;0,102575823;1003;676.056.229;0;0;0;1;0.2081;0.844833;0.0000;-0.0152;-0.1029;-0.1870;0.0132;Desvio_Volume_Pct_Lag_1;-0.1655;Volumetria;TME_Real_Avg_Lag_1;-0.1241;TMA;Delta_TMA_Lag_1;-0.0687;TMA;Pressao_Prevista_Vol_HC;0.1024;Causas_Raiz;Vol_Previsto;0.0617;Volumetria;Indicador_Sufoco;0.0225;Causas_Raiz
16/04/2026;23:30:00;347851;7;1;285.354;-185.354;1;1;0;0;0.00;500.000;-500.000;8;6;0,102575823;4212;664.211.939;0;0;0;1;0.2396;0.325733;0.0000;0.0078;-0.0906;-0.1566;0.0117;Desvio_Volume_Pct_Lag_1;-0.1230;Volumetria;TME_Real_Avg_Lag_1;-0.1013;TMA;Delta_TMA_Lag_1;-0.0608;TMA;Pressao_Prevista_Vol_HC;0.0934;Causas_Raiz;Vol_Previsto;0.0315;Volumetria;Ferias_Qtd_Daily;0.0196;Pessoas
17/04/2026;00:00:00;347851;7;0;0.00000;0.00000;0;0;0;0;0.00;0.00000;0.00000;8;6;0,137028861;0;0.000000;0;0;0;0;NULL;0.000000;NULL;NULL;NULL;NULL;NULL;NULL;NULL;NULL;NULL;NULL;NULL;NULL;NULL;NULL;NULL;NULL;NULL;NULL;NULL;NULL;NULL;NULL;NULL
17/04/2026;00:30:00;347851;7;0;0.00000;0.00000;0;0;0;0;0.00;0.00000;0.00000;8;6;0,137028861;0;0.000000;0;0;0;0;NULL;0.000000;NULL;NULL;NULL;NULL;NULL;NULL;NULL;NULL;NULL;NULL;NULL;NULL;NULL;NULL;NULL;NULL;NULL;NULL;NULL;NULL;NULL;NULL;NULL
17/04/2026;01:00:00;347851;7;0;0.00000;0.00000;0;0;0;0;0.00;0.00000;0.00000;8;6;0,137028861;0;0.000000;0;0;0;0;NULL;0.000000;NULL;NULL;NULL;NULL;NULL;NULL;NULL;NULL;NULL;NULL;NULL;NULL;NULL;NULL;NULL;NULL;NULL;NULL;NULL;NULL;NULL;NULL;NULL
17/04/2026;01:30:00;347851;7;0;0.00000;0.00000;0;0;0;0;0.00;0.00000;0.00000;8;6;0,137028861;0;0.000000;0;0;0;0;NULL;0.000000;NULL;NULL;NULL;NULL;NULL;NULL;NULL;NULL;NULL;NULL;NULL;NULL;NULL;NULL;NULL;NULL;NULL;NULL;NULL;NULL;NULL;NULL;NULL
17/04/2026;02:00:00;347851;7;0;0.00000;0.00000;0;0;0;0;0.00;0.00000;0.00000;8;6;0,137028861;0;0.000000;0;0;0;0;NULL;0.000000;NULL;NULL;NULL;NULL;NULL;NULL;NULL;NULL;NULL;NULL;NULL;NULL;NULL;NULL;NULL;NULL;NULL;NULL;NULL;NULL;NULL;NULL;NULL
17/04/2026;02:30:00;347851;7;0;0.00000;0.00000;0;0;0;0;0.00;0.00000;0.00000;8;6;0,137028861;0;0.000000;0;0;0;0;NULL;0.000000;NULL;NULL;NULL;NULL;NULL;NULL;NULL;NULL;NULL;NULL;NULL;NULL;NULL;NULL;NULL;NULL;NULL;NULL;NULL;NULL;NULL;NULL;NULL
17/04/2026;03:00:00;347851;7;0;0.00000;0.00000;0;0;0;0;0.00;0.00000;0.00000;8;6;0,137028861;0;0.000000;0;0;0;0;NULL;0.000000;NULL;NULL;NULL;NULL;NULL;NULL;NULL;NULL;NULL;NULL;NULL;NULL;NULL;NULL;NULL;NULL;NULL;NULL;NULL;NULL;NULL;NULL;NULL
17/04/2026;03:30:00;347851;7;0;0.00000;0.00000;0;0;0;0;0.00;0.00000;0.00000;8;6;0,137028861;0;0.000000;0;0;0;0;NULL;0.000000;NULL;NULL;NULL;NULL;NULL;NULL;NULL;NULL;NULL;NULL;NULL;NULL;NULL;NULL;NULL;NULL;NULL;NULL;NULL;NULL;NULL;NULL;NULL
17/04/2026;04:00:00;347851;7;0;0.00000;0.00000;0;0;0;0;0.00;0.00000;0.00000;8;6;0,137028861;0;0.000000;0;0;0;0;NULL;0.000000;NULL;NULL;NULL;NULL;NULL;NULL;NULL;NULL;NULL;NULL;NULL;NULL;NULL;NULL;NULL;NULL;NULL;NULL;NULL;NULL;NULL;NULL;NULL
17/04/2026;04:30:00;347851;7;0;0.00000;0.00000;0;0;0;0;0.00;0.00000;0.00000;8;6;0,137028861;0;0.000000;0;0;0;0;NULL;0.000000;NULL;NULL;NULL;NULL;NULL;NULL;NULL;NULL;NULL;NULL;NULL;NULL;NULL;NULL;NULL;NULL;NULL;NULL;NULL;NULL;NULL;NULL;NULL
17/04/2026;05:00:00;347851;7;0;0.00000;0.00000;0;0;0;0;0.00;0.00000;0.00000;8;6;0,137028861;0;0.000000;0;0;0;0;NULL;0.000000;NULL;NULL;NULL;NULL;NULL;NULL;NULL;NULL;NULL;NULL;NULL;NULL;NULL;NULL;NULL;NULL;NULL;NULL;NULL;NULL;NULL;NULL;NULL
17/04/2026;05:30:00;347851;7;0;0.00000;0.00000;0;0;0;0;0.00;400.000;-400.000;8;6;0,137028861;0;0.000000;0;0;0;0;0.0468;0.000000;0.0000;-0.0069;-0.1110;-0.1096;0.0130;Pressao_Prevista_Vol_HC;-0.0872;Causas_Raiz;Vol_Previsto;-0.0841;Volumetria;TME_Real_Avg_Lag_1;-0.0724;TMA;Hora;0.0152;Contexto_Temporal;Ferias_Qtd_Daily;0.0121;Pessoas;Margem_Capacidade;0.0049;Causas_Raiz
17/04/2026;06:00:00;347851;7;0;236.610;-236.610;0;0;0;0;0.00;2.400.000;-2.400.000;8;6;0,137028861;0;636.667.159;0;0;0;0;0.4362;1.000.000;0.0000;-0.0238;0.0700;-0.0629;0.0085;TME_Real_Avg_Lag_1;-0.0840;TMA;HC_Previsto;-0.0260;Pessoas;ABS_Taxa_Daily;-0.0200;Pessoas;Pressao_Prevista_Vol_HC;0.0966;Causas_Raiz;Desvio_Volume_Pct_Lag_1;0.0514;Volumetria;Ferias_Qtd_Daily;0.0409;Pessoas
17/04/2026;06:30:00;347851;7;0;468.366;-468.366;0;0;0;0;0.00;3.000.000;-3.000.000;8;6;0,137028861;0;618.038.339;0;0;0;0;0.3546;0.999700;0.0000;-0.0212;-0.0096;-0.1182;0.0104;Desvio_Volume_Pct_Lag_1;-0.1291;Volumetria;TME_Real_Avg_Lag_1;-0.1067;TMA;PerdaLog_Taxa_Daily;-0.0362;Pessoas;Vol_Previsto;0.1188;Volumetria;Pressao_Prevista_Vol_HC;0.1149;Causas_Raiz;NewHire_Pct_Daily;0.0277;Pessoas
17/04/2026;07:00:00;347851;7;0;855.243;-855.243;0;0;0;0;0.00;3.600.000;-3.600.000;8;6;0,137028861;0;520.092.560;0;0;0;0;0.2803;0.999700;0.0000;-0.0234;-0.0662;-0.1298;0.0039;Desvio_Volume_Pct_Lag_1;-0.1514;Volumetria;TME_Real_Avg_Lag_1;-0.1162;TMA;PerdaLog_Taxa_Daily;-0.0367;Pessoas;Pressao_Prevista_Vol_HC;0.1002;Causas_Raiz;Vol_Previsto;0.0843;Volumetria;NewHire_Pct_Daily;0.0245;Pessoas
17/04/2026;07:30:00;347851;7;0;1.502.964;-1.502.964;0;0;0;0;0.00;4.400.000;-4.400.000;8;6;0,137028861;0;537.918.620;0;0;0;0;0.2208;0.998366;0.0000;-0.0281;-0.0761;-0.1689;0.0059;Desvio_Volume_Pct_Lag_1;-0.1584;Volumetria;TME_Real_Avg_Lag_1;-0.1256;TMA;Delta_TMA_Lag_1;-0.0424;TMA;Pressao_Prevista_Vol_HC;0.0961;Causas_Raiz;Vol_Previsto;0.0814;Volumetria;Indicador_Sufoco;0.0274;Causas_Raiz
17/04/2026;08:00:00;347851;7;4;3.117.642;-2.717.642;4;4;0;0;0.00;5.800.000;-5.800.000;8;6;0,137028861;0;541.133.860;2;0;0;1;0.1325;0.970833;0.0000;-0.0430;-0.1001;-0.1908;0.0026;Desvio_Volume_Pct_Lag_1;-0.1741;Volumetria;TME_Real_Avg_Lag_1;-0.1258;TMA;Delta_TMA_Lag_1;-0.0559;TMA;Pressao_Prevista_Vol_HC;0.0909;Causas_Raiz;Vol_Previsto;0.0730;Volumetria;NewHire_Pct_Daily;0.0214;Pessoas
17/04/2026;08:30:00;347851;7;10;4.542.099;-3.542.099;10;10;0;0;0.00;8.400.000;-8.400.000;8;6;0,137028861;435;563.578.270;0;0;0;1;0.1188;0.989299;0.0000;-0.0430;-0.1020;-0.1951;0.0026;Desvio_Volume_Pct_Lag_1;-0.1741;Volumetria;TME_Real_Avg_Lag_1;-0.1263;TMA;Delta_TMA_Lag_1;-0.0595;TMA;Pressao_Prevista_Vol_HC;0.0893;Causas_Raiz;Vol_Previsto;0.0711;Volumetria;NewHire_Pct_Daily;0.0214;Pessoas
17/04/2026;09:00:00;347851;7;30;5.994.435;-2.994.435;28;27;1;0,033333333;0.00;9.000.000;-9.000.000;8;6;0,137028861;201;583.097.399;8;0;0;0,9;0.1073;0.887633;0.0000;-0.0359;-0.1080;-0.1960;-0.0052;Desvio_Volume_Pct_Lag_1;-0.1749;Volumetria;TME_Real_Avg_Lag_1;-0.1259;TMA;Delta_TMA_Lag_1;-0.0615;TMA;Pressao_Prevista_Vol_HC;0.0841;Causas_Raiz;Vol_Previsto;0.0656;Volumetria;NewHire_Pct_Daily;0.0218;Pessoas
17/04/2026;09:30:00;347851;7;45;6.856.785;-2.356.785;46;46;0;0;0.00;11.100.000;-11.100.000;8;6;0,137028861;417;612.885.950;1;0;0;1,022222222;0.1073;0.946200;0.0000;-0.0362;-0.1074;-0.1959;-0.0052;Desvio_Volume_Pct_Lag_1;-0.1742;Volumetria;TME_Real_Avg_Lag_1;-0.1258;TMA;Delta_TMA_Lag_1;-0.0615;TMA;Pressao_Prevista_Vol_HC;0.0841;Causas_Raiz;Vol_Previsto;0.0656;Volumetria;NewHire_Pct_Daily;0.0218;Pessoas
17/04/2026;10:00:00;347851;7;59;7.444.956;-1.544.956;59;59;0;0;0.00;12.600.000;-12.600.000;8;6;0,137028861;498;616.587.500;1;0;0;1;0.0981;0.980399;0.0000;-0.0396;-0.1072;-0.1974;-0.0108;Desvio_Volume_Pct_Lag_1;-0.1741;Volumetria;TME_Real_Avg_Lag_1;-0.1261;TMA;Delta_TMA_Lag_1;-0.0627;TMA;Pressao_Prevista_Vol_HC;0.0845;Causas_Raiz;Vol_Previsto;0.0656;Volumetria;NewHire_Pct_Daily;0.0207;Pessoas
17/04/2026;10:30:00;347851;7;56;8.211.921;-2.611.921;56;56;0;0;0.00;13.800.000;-13.800.000;8;6;0,137028861;441;639.707.070;0;0;0;1;0.0954;0.962133;0.0000;-0.0391;-0.1086;-0.1971;-0.0111;Desvio_Volume_Pct_Lag_1;-0.1741;Volumetria;TME_Real_Avg_Lag_1;-0.1258;TMA;Delta_TMA_Lag_1;-0.0627;TMA;Pressao_Prevista_Vol_HC;0.0833;Causas_Raiz;Vol_Previsto;0.0642;Volumetria;NewHire_Pct_Daily;0.0207;Pessoas
17/04/2026;11:00:00;347851;7;65;8.182.341;-1.682.341;64;64;0;0;0.00;15.900.000;-15.900.000;8;6;0,137028861;506;634.723.900;1;0;0;0,984615385;0.0951;0.998300;0.0000;-0.0427;-0.1099;-0.2014;-0.0115;Desvio_Volume_Pct_Lag_1;-0.1737;Volumetria;TME_Real_Avg_Lag_1;-0.1264;TMA;Delta_TMA_Lag_1;-0.0650;TMA;Pressao_Prevista_Vol_HC;0.0883;Causas_Raiz;Vol_Previsto;0.0628;Volumetria;NewHire_Pct_Daily;0.0202;Pessoas
17/04/2026;11:30:00;347851;7;53;8.098.659;-2.798.659;54;54;0;0;0.00;16.200.000;-16.200.000;8;6;0,137028861;510;644.345.680;1;0;0;1,018867925;0.0951;0.998900;0.0000;-0.0425;-0.1100;-0.2012;-0.0115;Desvio_Volume_Pct_Lag_1;-0.1739;Volumetria;TME_Real_Avg_Lag_1;-0.1264;TMA;Delta_TMA_Lag_1;-0.0648;TMA;Pressao_Prevista_Vol_HC;0.0880;Causas_Raiz;Vol_Previsto;0.0628;Volumetria;NewHire_Pct_Daily;0.0202;Pessoas
17/04/2026;12:00:00;347851;7;69;7.598.226;-698.226;69;69;0;0;0.00;15.600.000;-15.600.000;8;6;0,137028861;491;644.326.959;1;0;0;1;0.1056;0.998733;0.0000;-0.0371;-0.1098;-0.2026;-0.0078;Desvio_Volume_Pct_Lag_1;-0.1739;Volumetria;TME_Real_Avg_Lag_1;-0.1266;TMA;Delta_TMA_Lag_1;-0.0662;TMA;Pressao_Prevista_Vol_HC;0.0884;Causas_Raiz;Vol_Previsto;0.0630;Volumetria;NewHire_Pct_Daily;0.0217;Pessoas
17/04/2026;12:30:00;347851;7;80;7.347.834;652.166;80;80;0;0;0.00;14.700.000;-14.700.000;8;6;0,137028861;527;630.998.989;0;0;0;1;0.1046;0.998999;0.0000;-0.0371;-0.1098;-0.2030;-0.0078;Desvio_Volume_Pct_Lag_1;-0.1739;Volumetria;TME_Real_Avg_Lag_1;-0.1266;TMA;Delta_TMA_Lag_1;-0.0662;TMA;Pressao_Prevista_Vol_HC;0.0878;Causas_Raiz;Vol_Previsto;0.0630;Volumetria;NewHire_Pct_Daily;0.0217;Pessoas
17/04/2026;13:00:00;347851;7;58;7.269.714;-1.469.714;58;58;0;0;0.00;14.900.000;-14.900.000;8;6;0,137028861;552;639.924.779;0;0;0;1;0.1241;0.999166;0.0000;-0.0300;-0.1091;-0.1999;0.0007;Desvio_Volume_Pct_Lag_1;-0.1739;Volumetria;TME_Real_Avg_Lag_1;-0.1264;TMA;Delta_TMA_Lag_1;-0.0638;TMA;Pressao_Prevista_Vol_HC;0.0877;Causas_Raiz;Vol_Previsto;0.0637;Volumetria;NewHire_Pct_Daily;0.0202;Pessoas
17/04/2026;13:30:00;347851;7;65;7.365.675;-865.675;65;65;0;0;0.00;15.300.000;-15.300.000;8;6;0,137028861;646;625.991.290;1;0;0;1;0.1544;0.999699;0.0000;-0.0254;-0.1074;-0.1932;0.0015;Desvio_Volume_Pct_Lag_1;-0.1739;Volumetria;TME_Real_Avg_Lag_1;-0.1264;TMA;Delta_TMA_Lag_1;-0.0571;TMA;Pressao_Prevista_Vol_HC;0.0981;Causas_Raiz;Vol_Previsto;0.0655;Volumetria;NewHire_Pct_Daily;0.0202;Pessoas
17/04/2026;14:00:00;347851;7;63;7.388.613;-1.088.613;62;62;0;0;0.00;15.100.000;-15.100.000;8;6;0,137028861;498;652.139.409;1;0;0;0,984126984;0.1232;0.998733;0.0000;-0.0300;-0.1091;-0.2003;0.0002;Desvio_Volume_Pct_Lag_1;-0.1739;Volumetria;TME_Real_Avg_Lag_1;-0.1264;TMA;Delta_TMA_Lag_1;-0.0640;TMA;Pressao_Prevista_Vol_HC;0.0877;Causas_Raiz;Vol_Previsto;0.0637;Volumetria;NewHire_Pct_Daily;0.0202;Pessoas
17/04/2026;14:30:00;347851;7;64;7.487.202;-1.087.202;65;65;0;0;0.00;14.400.000;-14.400.000;8;6;0,137028861;559;641.482.179;2;0;0;1,015625;0.1198;0.996266;0.0000;-0.0286;-0.1097;-0.2049;0.0010;Desvio_Volume_Pct_Lag_1;-0.1737;Volumetria;TME_Real_Avg_Lag_1;-0.1266;TMA;Delta_TMA_Lag_1;-0.0679;TMA;Pressao_Prevista_Vol_HC;0.0873;Causas_Raiz;Vol_Previsto;0.0630;Volumetria;NewHire_Pct_Daily;0.0217;Pessoas
17/04/2026;15:00:00;347851;7;60;7.280.295;-1.280.295;60;60;0;0;0.00;14.600.000;-14.600.000;8;6;0,137028861;537;652.840.759;2;0;0;1;0.1198;0.997833;0.0000;-0.0326;-0.1109;-0.2027;-0.0025;Desvio_Volume_Pct_Lag_1;-0.1748;Volumetria;TME_Real_Avg_Lag_1;-0.1265;TMA;Delta_TMA_Lag_1;-0.0661;TMA;Pressao_Prevista_Vol_HC;0.0909;Causas_Raiz;Vol_Previsto;0.0629;Volumetria;NewHire_Pct_Daily;0.0202;Pessoas
17/04/2026;15:30:00;347851;7;69;7.654.683;-754.683;69;69;0;0;0.00;14.000.000;-14.000.000;8;6;0,137028861;705;648.215.870;2;0;0;1;0.1217;0.982666;0.0000;-0.0285;-0.1044;-0.2047;-0.0025;Desvio_Volume_Pct_Lag_1;-0.1747;Volumetria;TME_Real_Avg_Lag_1;-0.1267;TMA;Delta_TMA_Lag_1;-0.0677;TMA;Pressao_Prevista_Vol_HC;0.0903;Causas_Raiz;Vol_Previsto;0.0692;Volumetria;NewHire_Pct_Daily;0.0217;Pessoas
17/04/2026;16:00:00;347851;7;73;8.258.532;-958.532;73;73;0;0;0.00;13.000.000;-13.000.000;8;6;0,137028861;449;664.980.379;1;0;0;1;0.1163;0.863599;0.0000;-0.0276;-0.1098;-0.2024;-0.0015;Desvio_Volume_Pct_Lag_1;-0.1746;Volumetria;TME_Real_Avg_Lag_1;-0.1259;TMA;Delta_TMA_Lag_1;-0.0677;TMA;Pressao_Prevista_Vol_HC;0.0861;Causas_Raiz;Vol_Previsto;0.0636;Volumetria;NewHire_Pct_Daily;0.0222;Pessoas
17/04/2026;16:30:00;347851;7;52;7.746.090;-2.546.090;52;52;0;0;0.00;12.600.000;-12.600.000;8;6;0,137028861;825;656.231.089;2;0;0;1;0.1163;0.926799;0.0000;-0.0271;-0.1097;-0.2026;-0.0019;Desvio_Volume_Pct_Lag_1;-0.1746;Volumetria;TME_Real_Avg_Lag_1;-0.1259;TMA;Delta_TMA_Lag_1;-0.0678;TMA;Pressao_Prevista_Vol_HC;0.0857;Causas_Raiz;Vol_Previsto;0.0636;Volumetria;NewHire_Pct_Daily;0.0228;Pessoas
17/04/2026;17:00:00;347851;7;67;6.927.222;-227.222;66;66;1;0,014925373;0.00;12.800.000;-12.800.000;8;6;0,137028861;637;670.714.080;1;0;0;0,985074627;0.1359;0.976100;0.0000;-0.0226;-0.1044;-0.2039;0.0036;Desvio_Volume_Pct_Lag_1;-0.1747;Volumetria;TME_Real_Avg_Lag_1;-0.1266;TMA;Delta_TMA_Lag_1;-0.0674;TMA;Pressao_Prevista_Vol_HC;0.0896;Causas_Raiz;Vol_Previsto;0.0692;Volumetria;NewHire_Pct_Daily;0.0217;Pessoas
17/04/2026;17:30:00;347851;7;52;6.359.310;-1.159.310;52;52;0;0;0.00;12.000.000;-12.000.000;8;6;0,137028861;846;671.538.059;1;0;0;1;0.1359;0.981800;0.0000;-0.0220;-0.1044;-0.2045;0.0036;Desvio_Volume_Pct_Lag_1;-0.1747;Volumetria;TME_Real_Avg_Lag_1;-0.1266;TMA;Delta_TMA_Lag_1;-0.0679;TMA;Pressao_Prevista_Vol_HC;0.0896;Causas_Raiz;Vol_Previsto;0.0692;Volumetria;NewHire_Pct_Daily;0.0222;Pessoas
17/04/2026;18:00:00;347851;7;48;5.425.146;-625.146;48;48;0;0;0.00;11.400.000;-11.400.000;8;6;0,137028861;548;689.963.430;0;0;0;1;0.1539;0.990266;0.0000;-0.0195;-0.1109;-0.1986;0.0036;Desvio_Volume_Pct_Lag_1;-0.1748;Volumetria;TME_Real_Avg_Lag_1;-0.1267;TMA;Delta_TMA_Lag_1;-0.0624;TMA;Pressao_Prevista_Vol_HC;0.0997;Causas_Raiz;Vol_Previsto;0.0629;Volumetria;NewHire_Pct_Daily;0.0222;Pessoas
17/04/2026;18:30:00;347851;7;39;4.862.115;-962.115;39;39;0;0;0.00;10.500.000;-10.500.000;8;6;0,137028861;929;671.012.560;1;0;0;1;0.1539;0.994966;0.0000;-0.0196;-0.1109;-0.1986;0.0034;Desvio_Volume_Pct_Lag_1;-0.1748;Volumetria;TME_Real_Avg_Lag_1;-0.1267;TMA;Delta_TMA_Lag_1;-0.0624;TMA;Pressao_Prevista_Vol_HC;0.0999;Causas_Raiz;Vol_Previsto;0.0629;Volumetria;NewHire_Pct_Daily;0.0221;Pessoas
17/04/2026;19:00:00;347851;7;41;4.363.341;-263.341;41;41;0;0;0.00;9.800.000;-9.800.000;8;6;0,137028861;662;674.751.330;0;0;0;1;0.1677;0.995899;0.0000;-0.0196;-0.1081;-0.1954;0.0031;Desvio_Volume_Pct_Lag_1;-0.1745;Volumetria;TME_Real_Avg_Lag_1;-0.1264;TMA;Delta_TMA_Lag_1;-0.0595;TMA;Pressao_Prevista_Vol_HC;0.1018;Causas_Raiz;Vol_Previsto;0.0653;Volumetria;NewHire_Pct_Daily;0.0221;Pessoas
17/04/2026;19:30:00;347851;7;19;3.895.770;-1.995.770;19;19;0;0;0.00;9.200.000;-9.200.000;8;6;0,137028861;1167;678.603.449;1;0;0;1;0.1872;0.996466;0.0000;-0.0192;-0.1070;-0.1884;0.0031;Desvio_Volume_Pct_Lag_1;-0.1733;Volumetria;TME_Real_Avg_Lag_1;-0.1244;TMA;Delta_TMA_Lag_1;-0.0595;TMA;Pressao_Prevista_Vol_HC;0.1027;Causas_Raiz;Vol_Previsto;0.0653;Volumetria;NewHire_Pct_Daily;0.0221;Pessoas
17/04/2026;20:00:00;347851;7;30;3.360.774;-360.774;30;30;0;0;0.00;8.300.000;-8.300.000;8;6;0,137028861;534;685.465.179;0;0;0;1;0.1803;0.994599;0.0000;-0.0203;-0.1045;-0.1873;-0.0022;Desvio_Volume_Pct_Lag_1;-0.1733;Volumetria;TME_Real_Avg_Lag_1;-0.1245;TMA;Delta_TMA_Lag_1;-0.0596;TMA;Pressao_Prevista_Vol_HC;0.0996;Causas_Raiz;Vol_Previsto;0.0678;Volumetria;NewHire_Pct_Daily;0.0223;Pessoas
17/04/2026;20:30:00;347851;7;24;2.875.941;-475.941;24;24;0;0;0.00;7.500.000;-7.500.000;8;6;0,137028861;776;691.263.979;0;0;0;1;0.1801;0.997699;0.0000;-0.0203;-0.1051;-0.1873;-0.0012;Desvio_Volume_Pct_Lag_1;-0.1733;Volumetria;TME_Real_Avg_Lag_1;-0.1244;TMA;Delta_TMA_Lag_1;-0.0596;TMA;Pressao_Prevista_Vol_HC;0.0987;Causas_Raiz;Vol_Previsto;0.0672;Volumetria;NewHire_Pct_Daily;0.0223;Pessoas
17/04/2026;21:00:00;347851;7;26;2.325.729;274.271;26;26;0;0;0.00;6.300.000;-6.300.000;8;6;0,137028861;718;696.789.989;0;0;0;1;0.1801;0.992266;0.0000;-0.0203;-0.1053;-0.1874;-0.0003;Desvio_Volume_Pct_Lag_1;-0.1733;Volumetria;TME_Real_Avg_Lag_1;-0.1243;TMA;Delta_TMA_Lag_1;-0.0597;TMA;Pressao_Prevista_Vol_HC;0.0981;Causas_Raiz;Vol_Previsto;0.0670;Volumetria;NewHire_Pct_Daily;0.0223;Pessoas
17/04/2026;21:30:00;347851;7;11;1.614.351;-514.351;11;11;0;0;0.00;5.100.000;-5.100.000;8;6;0,137028861;1068;701.116.549;1;0;0;1;0.1855;0.997799;0.0000;-0.0287;-0.0859;-0.1904;-0.0017;Desvio_Volume_Pct_Lag_1;-0.1654;Volumetria;TME_Real_Avg_Lag_1;-0.1256;TMA;Delta_TMA_Lag_1;-0.0546;TMA;Pressao_Prevista_Vol_HC;0.0980;Causas_Raiz;Vol_Previsto;0.0786;Volumetria;Indicador_Sufoco;0.0268;Causas_Raiz
17/04/2026;22:00:00;347851;7;10;1.271.175;-271.175;10;10;0;0;0.00;3.700.000;-3.700.000;8;6;0,137028861;730;679.380.709;1;0;0;1;0.1686;0.973633;0.0000;-0.0262;-0.1017;-0.1885;0.0002;Desvio_Volume_Pct_Lag_1;-0.1741;Volumetria;TME_Real_Avg_Lag_1;-0.1256;TMA;Delta_TMA_Lag_1;-0.0553;TMA;Pressao_Prevista_Vol_HC;0.0976;Causas_Raiz;Vol_Previsto;0.0715;Volumetria;NewHire_Pct_Daily;0.0223;Pessoas
17/04/2026;22:30:00;347851;7;7;946.233;-246.233;7;7;0;0;0.00;3.300.000;-3.300.000;8;6;0,137028861;1249;714.939.089;0;0;0;1;0.2124;0.984900;0.0000;-0.0274;-0.0762;-0.1723;0.0004;Desvio_Volume_Pct_Lag_1;-0.1619;Volumetria;TME_Real_Avg_Lag_1;-0.1256;TMA;Delta_TMA_Lag_1;-0.0505;TMA;Pressao_Prevista_Vol_HC;0.0996;Causas_Raiz;Vol_Previsto;0.0848;Volumetria;NewHire_Pct_Daily;0.0230;Pessoas
17/04/2026;23:00:00;347851;7;8;673.218;126.782;7;6;1;0,125;0.00;1.900.000;-1.900.000;8;6;0,137028861;463;683.719.889;59;0;0;0,75;0.2298;0.866300;0.0000;-0.0025;-0.0950;-0.1747;0.0089;Desvio_Volume_Pct_Lag_1;-0.1602;Volumetria;TME_Real_Avg_Lag_1;-0.1242;TMA;Delta_TMA_Lag_1;-0.0642;TMA;Pressao_Prevista_Vol_HC;0.0944;Causas_Raiz;Vol_Previsto;0.0643;Volumetria;Indicador_Sufoco;0.0264;Causas_Raiz
17/04/2026;23:30:00;347851;7;6;267.885;332.115;4;3;2;0,333333333;0.00;500.000;-500.000;8;6;0,137028861;1195;671.741.330;73;0;0;0,5;0.2190;0.326899;0.0000;0.0043;-0.1022;-0.1641;0.0071;Desvio_Volume_Pct_Lag_1;-0.1230;Volumetria;TME_Real_Avg_Lag_1;-0.1029;TMA;Delta_TMA_Lag_1;-0.0602;TMA;Pressao_Prevista_Vol_HC;0.0974;Causas_Raiz;Vol_Previsto;0.0199;Volumetria;Ferias_Qtd_Daily;0.0196;Pessoas
18/04/2026;00:00:00;347851;7;0;0.00000;0.00000;0;0;0;0;0.00;0.00000;0.00000;5;6;0,087022059;0;0.000000;0;0;0;0;NULL;0.000000;NULL;NULL;NULL;NULL;NULL;NULL;NULL;NULL;NULL;NULL;NULL;NULL;NULL;NULL;NULL;NULL;NULL;NULL;NULL;NULL;NULL;NULL;NULL
18/04/2026;00:30:00;347851;7;0;0.00000;0.00000;0;0;0;0;0.00;0.00000;0.00000;5;6;0,087022059;0;0.000000;0;0;0;0;NULL;0.000000;NULL;NULL;NULL;NULL;NULL;NULL;NULL;NULL;NULL;NULL;NULL;NULL;NULL;NULL;NULL;NULL;NULL;NULL;NULL;NULL;NULL;NULL;NULL
18/04/2026;01:00:00;347851;7;0;0.00000;0.00000;0;0;0;0;0.00;0.00000;0.00000;5;6;0,087022059;0;0.000000;0;0;0;0;NULL;0.000000;NULL;NULL;NULL;NULL;NULL;NULL;NULL;NULL;NULL;NULL;NULL;NULL;NULL;NULL;NULL;NULL;NULL;NULL;NULL;NULL;NULL;NULL;NULL
18/04/2026;01:30:00;347851;7;0;0.00000;0.00000;0;0;0;0;0.00;0.00000;0.00000;5;6;0,087022059;0;0.000000;0;0;0;0;NULL;0.000000;NULL;NULL;NULL;NULL;NULL;NULL;NULL;NULL;NULL;NULL;NULL;NULL;NULL;NULL;NULL;NULL;NULL;NULL;NULL;NULL;NULL;NULL;NULL
18/04/2026;02:00:00;347851;7;0;0.00000;0.00000;0;0;0;0;0.00;0.00000;0.00000;5;6;0,087022059;0;0.000000;0;0;0;0;NULL;0.000000;NULL;NULL;NULL;NULL;NULL;NULL;NULL;NULL;NULL;NULL;NULL;NULL;NULL;NULL;NULL;NULL;NULL;NULL;NULL;NULL;NULL;NULL;NULL
18/04/2026;02:30:00;347851;7;0;0.00000;0.00000;0;0;0;0;0.00;0.00000;0.00000;5;6;0,087022059;0;0.000000;0;0;0;0;NULL;0.000000;NULL;NULL;NULL;NULL;NULL;NULL;NULL;NULL;NULL;NULL;NULL;NULL;NULL;NULL;NULL;NULL;NULL;NULL;NULL;NULL;NULL;NULL;NULL
18/04/2026;03:00:00;347851;7;0;0.00000;0.00000;0;0;0;0;0.00;0.00000;0.00000;5;6;0,087022059;0;0.000000;0;0;0;0;NULL;0.000000;NULL;NULL;NULL;NULL;NULL;NULL;NULL;NULL;NULL;NULL;NULL;NULL;NULL;NULL;NULL;NULL;NULL;NULL;NULL;NULL;NULL;NULL;NULL
18/04/2026;03:30:00;347851;7;0;0.00000;0.00000;0;0;0;0;0.00;0.00000;0.00000;5;6;0,087022059;0;0.000000;0;0;0;0;NULL;0.000000;NULL;NULL;NULL;NULL;NULL;NULL;NULL;NULL;NULL;NULL;NULL;NULL;NULL;NULL;NULL;NULL;NULL;NULL;NULL;NULL;NULL;NULL;NULL
18/04/2026;04:00:00;347851;7;0;0.00000;0.00000;0;0;0;0;0.00;0.00000;0.00000;5;6;0,087022059;0;0.000000;0;0;0;0;NULL;0.000000;NULL;NULL;NULL;NULL;NULL;NULL;NULL;NULL;NULL;NULL;NULL;NULL;NULL;NULL;NULL;NULL;NULL;NULL;NULL;NULL;NULL;NULL;NULL
18/04/2026;04:30:00;347851;7;0;0.00000;0.00000;0;0;0;0;0.00;0.00000;0.00000;5;6;0,087022059;0;0.000000;0;0;0;0;NULL;0.000000;NULL;NULL;NULL;NULL;NULL;NULL;NULL;NULL;NULL;NULL;NULL;NULL;NULL;NULL;NULL;NULL;NULL;NULL;NULL;NULL;NULL;NULL;NULL
18/04/2026;05:00:00;347851;7;0;0.00000;0.00000;0;0;0;0;0.00;0.00000;0.00000;5;6;0,087022059;0;0.000000;0;0;0;0;NULL;0.000000;NULL;NULL;NULL;NULL;NULL;NULL;NULL;NULL;NULL;NULL;NULL;NULL;NULL;NULL;NULL;NULL;NULL;NULL;NULL;NULL;NULL;NULL;NULL
18/04/2026;05:30:00;347851;7;0;0.00000;0.00000;0;0;0;0;0.00;200.000;-200.000;5;6;0,087022059;0;0.000000;0;0;0;0;0.0462;0.000000;0.0000;-0.0102;-0.1105;-0.1095;0.0103;Pressao_Prevista_Vol_HC;-0.0852;Causas_Raiz;Vol_Previsto;-0.0835;Volumetria;TME_Real_Avg_Lag_1;-0.0727;TMA;Hora;0.0150;Contexto_Temporal;Ferias_Qtd_Daily;0.0121;Pessoas;Margem_Capacidade;0.0053;Causas_Raiz
18/04/2026;06:00:00;347851;7;0;187.692;-187.692;0;0;0;0;0.00;1.200.000;-1.200.000;5;6;0,087022059;0;640.334.700;0;0;0;0;0.3886;0.969399;0.0000;0.0045;0.0119;-0.0731;0.0063;TME_Real_Avg_Lag_1;-0.0883;TMA;Vol_Previsto;-0.0282;Volumetria;Indicador_Sufoco;-0.0266;Causas_Raiz;Pressao_Prevista_Vol_HC;0.1170;Causas_Raiz;Ferias_Qtd_Daily;0.0453;Pessoas;Desvio_Volume_Pct_Lag_1;0.0394;Volumetria
18/04/2026;06:30:00;347851;7;2;463.539;-263.539;2;2;0;0;0.00;1.800.000;-1.800.000;5;6;0,087022059;0;643.483.279;3;0;0;1;0.3265;0.972100;0.0000;-0.0067;-0.0269;-0.1336;0.0079;Desvio_Volume_Pct_Lag_1;-0.1280;Volumetria;TME_Real_Avg_Lag_1;-0.1056;TMA;Delta_TMA_Lag_1;-0.0358;TMA;Vol_Previsto;0.1003;Volumetria;Pressao_Prevista_Vol_HC;0.0971;Causas_Raiz;NewHire_Pct_Daily;0.0304;Pessoas
18/04/2026;07:00:00;347851;7;0;929.922;-929.922;0;0;0;0;0.00;1.800.000;-1.800.000;5;6;0,087022059;0;603.726.069;0;0;0;0;0.1787;0.758400;0.0000;-0.0142;-0.0874;-0.1922;0.0046;Desvio_Volume_Pct_Lag_1;-0.1581;Volumetria;TME_Real_Avg_Lag_1;-0.1269;TMA;Delta_TMA_Lag_1;-0.0664;TMA;Pressao_Prevista_Vol_HC;0.0923;Causas_Raiz;Vol_Previsto;0.0696;Volumetria;NewHire_Pct_Daily;0.0237;Pessoas
18/04/2026;07:30:00;347851;7;2;1.521.999;-1.321.999;2;2;0;0;0.00;2.600.000;-2.600.000;5;6;0,087022059;2580;633.035.700;5;0;0;1;0.1604;0.675966;0.0000;-0.0236;-0.0894;-0.1919;0.0087;Desvio_Volume_Pct_Lag_1;-0.1654;Volumetria;TME_Real_Avg_Lag_1;-0.1261;TMA;Delta_TMA_Lag_1;-0.0576;TMA;Pressao_Prevista_Vol_HC;0.0874;Causas_Raiz;Vol_Previsto;0.0748;Volumetria;NewHire_Pct_Daily;0.0230;Pessoas
18/04/2026;08:00:00;347851;7;13;1.999.188;-699.188;13;13;0;0;0.00;4.000.000;-4.000.000;5;6;0,087022059;137;622.985.199;3;0;0;1;0.1078;0.904366;0.0000;-0.0422;-0.1051;-0.2032;-0.0043;Desvio_Volume_Pct_Lag_1;-0.1741;Volumetria;TME_Real_Avg_Lag_1;-0.1267;TMA;Delta_TMA_Lag_1;-0.0656;TMA;Pressao_Prevista_Vol_HC;0.0906;Causas_Raiz;Vol_Previsto;0.0680;Volumetria;NewHire_Pct_Daily;0.0220;Pessoas
18/04/2026;08:30:00;347851;7;13;2.735.730;-1.435.730;13;13;0;0;0.00;4.800.000;-4.800.000;5;6;0,087022059;537;587.636.709;2;0;0;1;0.1057;0.921899;0.0000;-0.0407;-0.1029;-0.1947;-0.0051;Desvio_Volume_Pct_Lag_1;-0.1739;Volumetria;TME_Real_Avg_Lag_1;-0.1258;TMA;Delta_TMA_Lag_1;-0.0596;TMA;Pressao_Prevista_Vol_HC;0.0850;Causas_Raiz;Vol_Previsto;0.0699;Volumetria;NewHire_Pct_Daily;0.0224;Pessoas
18/04/2026;09:00:00;347851;7;24;3.307.335;-907.335;24;24;0;0;0.00;5.200.000;-5.200.000;5;6;0,087022059;310;568.754.880;1;0;0;1;0.0958;0.880699;0.0000;-0.0340;-0.1090;-0.1972;-0.0142;Desvio_Volume_Pct_Lag_1;-0.1742;Volumetria;TME_Real_Avg_Lag_1;-0.1253;TMA;Delta_TMA_Lag_1;-0.0618;TMA;Pressao_Prevista_Vol_HC;0.0822;Causas_Raiz;Vol_Previsto;0.0640;Volumetria;NewHire_Pct_Daily;0.0225;Pessoas
18/04/2026;09:30:00;347851;7;23;3.896.001;-1.596.001;23;23;0;0;0.00;6.300.000;-6.300.000;5;6;0,087022059;706;648.378.930;1;0;0;1;0.0958;0.796100;0.0000;-0.0327;-0.1080;-0.1986;-0.0136;Desvio_Volume_Pct_Lag_1;-0.1741;Volumetria;TME_Real_Avg_Lag_1;-0.1257;TMA;Delta_TMA_Lag_1;-0.0627;TMA;Pressao_Prevista_Vol_HC;0.0822;Causas_Raiz;Vol_Previsto;0.0649;Volumetria;NewHire_Pct_Daily;0.0235;Pessoas
18/04/2026;10:00:00;347851;7;41;4.186.068;-0.86068;41;41;0;0;0.00;6.300.000;-6.300.000;5;6;0,087022059;486;638.397.530;0;0;0;1;0.0827;0.709399;0.0000;-0.0337;-0.1093;-0.2037;-0.0191;Desvio_Volume_Pct_Lag_1;-0.1747;Volumetria;TME_Real_Avg_Lag_1;-0.1260;TMA;Delta_TMA_Lag_1;-0.0675;TMA;Pressao_Prevista_Vol_HC;0.0823;Causas_Raiz;Vol_Previsto;0.0641;Volumetria;NewHire_Pct_Daily;0.0239;Pessoas
18/04/2026;10:30:00;347851;7;26;4.416.414;-1.816.414;26;26;0;0;0.00;6.300.000;-6.300.000;5;6;0,087022059;732;615.522.359;0;0;0;1;0.0827;0.678200;0.0000;-0.0367;-0.1006;-0.2021;-0.0191;Desvio_Volume_Pct_Lag_1;-0.1747;Volumetria;TME_Real_Avg_Lag_1;-0.1258;TMA;Delta_TMA_Lag_1;-0.0661;TMA;Pressao_Prevista_Vol_HC;0.0823;Causas_Raiz;Vol_Previsto;0.0728;Volumetria;NewHire_Pct_Daily;0.0224;Pessoas
18/04/2026;11:00:00;347851;7;32;4.405.986;-1.205.986;32;32;0;0;0.00;7.600.000;-7.600.000;5;6;0,087022059;503;688.480.230;0;0;0;1;0.0851;0.855533;0.0000;-0.0356;-0.1027;-0.1999;-0.0202;Desvio_Volume_Pct_Lag_1;-0.1737;Volumetria;TME_Real_Avg_Lag_1;-0.1260;TMA;Delta_TMA_Lag_1;-0.0637;TMA;Pressao_Prevista_Vol_HC;0.0823;Causas_Raiz;Vol_Previsto;0.0698;Volumetria;NewHire_Pct_Daily;0.0224;Pessoas
18/04/2026;11:30:00;347851;7;39;4.399.353;-499.353;39;39;0;0;0.00;7.800.000;-7.800.000;5;6;0,087022059;327;695.305.229;0;0;0;1;0.0893;0.889399;0.0000;-0.0332;-0.1042;-0.2052;-0.0182;Desvio_Volume_Pct_Lag_1;-0.1738;Volumetria;TME_Real_Avg_Lag_1;-0.1267;TMA;Delta_TMA_Lag_1;-0.0676;TMA;Pressao_Prevista_Vol_HC;0.0869;Causas_Raiz;Vol_Previsto;0.0685;Volumetria;NewHire_Pct_Daily;0.0244;Pessoas
18/04/2026;12:00:00;347851;7;29;4.138.497;-1.238.497;29;29;0;0;0.00;7.200.000;-7.200.000;5;6;0,087022059;748;677.739.790;0;0;0;1;0.0936;0.849133;0.0000;-0.0298;-0.1037;-0.2042;-0.0160;Desvio_Volume_Pct_Lag_1;-0.1738;Volumetria;TME_Real_Avg_Lag_1;-0.1264;TMA;Delta_TMA_Lag_1;-0.0676;TMA;Pressao_Prevista_Vol_HC;0.0819;Causas_Raiz;Vol_Previsto;0.0688;Volumetria;NewHire_Pct_Daily;0.0244;Pessoas
18/04/2026;12:30:00;347851;7;35;3.887.211;-387.211;35;35;0;0;0.00;6.600.000;-6.600.000;5;6;0,087022059;639;651.306.710;1;0;0;1;0.0936;0.863200;0.0000;-0.0299;-0.1037;-0.2042;-0.0160;Desvio_Volume_Pct_Lag_1;-0.1738;Volumetria;TME_Real_Avg_Lag_1;-0.1264;TMA;Delta_TMA_Lag_1;-0.0676;TMA;Pressao_Prevista_Vol_HC;0.0819;Causas_Raiz;Vol_Previsto;0.0688;Volumetria;NewHire_Pct_Daily;0.0244;Pessoas
18/04/2026;13:00:00;347851;7;27;3.688.971;-988.971;27;27;0;0;0.00;6.600.000;-6.600.000;5;6;0,087022059;633;659.551.569;1;0;0;1;0.1162;0.898100;0.0000;-0.0221;-0.1044;-0.2064;-0.0049;Desvio_Volume_Pct_Lag_1;-0.1739;Volumetria;TME_Real_Avg_Lag_1;-0.1267;TMA;Delta_TMA_Lag_1;-0.0689;TMA;Pressao_Prevista_Vol_HC;0.0866;Causas_Raiz;Vol_Previsto;0.0685;Volumetria;NewHire_Pct_Daily;0.0238;Pessoas
18/04/2026;13:30:00;347851;7;40;3.555.882;444.118;40;40;0;0;0.00;6.600.000;-6.600.000;5;6;0,087022059;506;663.019.980;1;0;0;1;0.1170;0.920099;0.0000;-0.0226;-0.1042;-0.2060;-0.0053;Desvio_Volume_Pct_Lag_1;-0.1737;Volumetria;TME_Real_Avg_Lag_1;-0.1267;TMA;Delta_TMA_Lag_1;-0.0685;TMA;Pressao_Prevista_Vol_HC;0.0865;Causas_Raiz;Vol_Previsto;0.0685;Volumetria;NewHire_Pct_Daily;0.0234;Pessoas
18/04/2026;14:00:00;347851;7;46;3.671.910;928.090;46;46;0;0;0.00;6.000.000;-6.000.000;5;6;0,087022059;464;660.604.270;0;0;0;1;0.1093;0.757100;0.0000;-0.0212;-0.1083;-0.2050;-0.0059;Desvio_Volume_Pct_Lag_1;-0.1737;Volumetria;TME_Real_Avg_Lag_1;-0.1259;TMA;Delta_TMA_Lag_1;-0.0691;TMA;Pressao_Prevista_Vol_HC;0.0812;Causas_Raiz;Vol_Previsto;0.0641;Volumetria;NewHire_Pct_Daily;0.0244;Pessoas
18/04/2026;14:30:00;347851;7;52;3.361.365;1.838.635;52;47;0;0;0.00;5.000.000;-5.000.000;5;6;0,087022059;499;696.805.000;7;0;0;0,903846154;0.1093;0.454833;0.0000;-0.0229;-0.1000;-0.2047;-0.0059;Desvio_Volume_Pct_Lag_1;-0.1741;Volumetria;TME_Real_Avg_Lag_1;-0.1260;TMA;Delta_TMA_Lag_1;-0.0687;TMA;Pressao_Prevista_Vol_HC;0.0812;Causas_Raiz;Vol_Previsto;0.0728;Volumetria;NewHire_Pct_Daily;0.0239;Pessoas
18/04/2026;15:00:00;347851;7;45;3.603.657;896.343;44;41;1;0,022222222;0.00;5.200.000;-5.200.000;5;6;0,087022059;594;706.184.710;9;0;0;0,911111111;0.1093;0.339033;0.0000;-0.0244;-0.1014;-0.2050;-0.0093;Desvio_Volume_Pct_Lag_1;-0.1753;Volumetria;TME_Real_Avg_Lag_1;-0.1261;TMA;Delta_TMA_Lag_1;-0.0690;TMA;Pressao_Prevista_Vol_HC;0.0851;Causas_Raiz;Vol_Previsto;0.0726;Volumetria;NewHire_Pct_Daily;0.0245;Pessoas
18/04/2026;15:30:00;347851;7;45;3.295.011;1.204.989;45;38;0;0;0.00;4.900.000;-4.900.000;5;6;0,087022059;447;654.819.219;9;0;0;0,844444444;0.1093;0.580533;0.0000;-0.0250;-0.1017;-0.2056;-0.0094;Desvio_Volume_Pct_Lag_1;-0.1750;Volumetria;TME_Real_Avg_Lag_1;-0.1255;TMA;Delta_TMA_Lag_1;-0.0702;TMA;Pressao_Prevista_Vol_HC;0.0850;Causas_Raiz;Vol_Previsto;0.0721;Volumetria;NewHire_Pct_Daily;0.0245;Pessoas
18/04/2026;16:00:00;347851;7;52;2.931.006;2.268.994;51;40;0;0;0.00;4.500.000;-4.500.000;5;6;0,087022059;445;690.433.179;13;0;0;0,769230769;0.1093;0.534200;0.0000;-0.0253;-0.1017;-0.2039;-0.0091;Desvio_Volume_Pct_Lag_1;-0.1750;Volumetria;TME_Real_Avg_Lag_1;-0.1255;TMA;Delta_TMA_Lag_1;-0.0685;TMA;Pressao_Prevista_Vol_HC;0.0847;Causas_Raiz;Vol_Previsto;0.0720;Volumetria;NewHire_Pct_Daily;0.0239;Pessoas
18/04/2026;16:30:00;347851;7;28;3.293.115;-493.115;29;28;0;0;0.00;4.900.000;-4.900.000;5;6;0,087022059;1106;651.515.000;3;0;0;1;0.1093;0.604666;0.0000;-0.0247;-0.1017;-0.2045;-0.0091;Desvio_Volume_Pct_Lag_1;-0.1750;Volumetria;TME_Real_Avg_Lag_1;-0.1255;TMA;Delta_TMA_Lag_1;-0.0690;TMA;Pressao_Prevista_Vol_HC;0.0847;Causas_Raiz;Vol_Previsto;0.0721;Volumetria;NewHire_Pct_Daily;0.0244;Pessoas
18/04/2026;17:00:00;347851;7;30;2.951.859;0.48141;30;30;0;0;0.00;5.100.000;-5.100.000;5;6;0,087022059;780;711.688.069;1;0;0;1;0.1235;0.743999;0.0000;-0.0182;-0.1050;-0.2041;-0.0024;Desvio_Volume_Pct_Lag_1;-0.1746;Volumetria;TME_Real_Avg_Lag_1;-0.1257;TMA;Delta_TMA_Lag_1;-0.0689;TMA;Pressao_Prevista_Vol_HC;0.0851;Causas_Raiz;Vol_Previsto;0.0683;Volumetria;NewHire_Pct_Daily;0.0239;Pessoas
18/04/2026;17:30:00;347851;7;23;2.640.465;-340.465;23;23;0;0;0.00;4.500.000;-4.500.000;5;6;0,087022059;728;688.112.890;0;0;0;1;0.1235;0.727999;0.0000;-0.0184;-0.1049;-0.2050;-0.0029;Desvio_Volume_Pct_Lag_1;-0.1743;Volumetria;TME_Real_Avg_Lag_1;-0.1254;TMA;Delta_TMA_Lag_1;-0.0701;TMA;Pressao_Prevista_Vol_HC;0.0847;Causas_Raiz;Vol_Previsto;0.0681;Volumetria;NewHire_Pct_Daily;0.0245;Pessoas
18/04/2026;18:00:00;347851;7;20;2.475.999;-475.999;20;20;0;0;0.00;4.500.000;-4.500.000;5;6;0,087022059;734;706.439.860;0;0;0;1;0.1321;0.777899;0.0000;-0.0184;-0.1056;-0.2052;-0.0014;Desvio_Volume_Pct_Lag_1;-0.1743;Volumetria;TME_Real_Avg_Lag_1;-0.1261;TMA;Delta_TMA_Lag_1;-0.0690;TMA;Pressao_Prevista_Vol_HC;0.0900;Causas_Raiz;Vol_Previsto;0.0677;Volumetria;NewHire_Pct_Daily;0.0239;Pessoas
18/04/2026;18:30:00;347851;7;10;2.330.775;-1.330.775;10;10;0;0;0.00;4.500.000;-4.500.000;5;6;0,087022059;1824;689.682.440;0;0;0;1;0.1279;0.862499;0.0000;-0.0198;-0.1120;-0.2080;-0.0017;Desvio_Volume_Pct_Lag_1;-0.1743;Volumetria;TME_Real_Avg_Lag_1;-0.1261;TMA;Delta_TMA_Lag_1;-0.0718;TMA;Pressao_Prevista_Vol_HC;0.0909;Causas_Raiz;Vol_Previsto;0.0613;Volumetria;NewHire_Pct_Daily;0.0240;Pessoas
18/04/2026;19:00:00;347851;7;22;2.165.076;0.34924;22;22;0;0;0.00;4.100.000;-4.100.000;5;6;0,087022059;530;707.367.269;0;0;0;1;0.1336;0.773533;0.0000;-0.0190;-0.1028;-0.2057;-0.0022;Desvio_Volume_Pct_Lag_1;-0.1746;Volumetria;TME_Real_Avg_Lag_1;-0.1266;TMA;Delta_TMA_Lag_1;-0.0690;TMA;Pressao_Prevista_Vol_HC;0.0900;Causas_Raiz;Vol_Previsto;0.0708;Volumetria;NewHire_Pct_Daily;0.0239;Pessoas
18/04/2026;19:30:00;347851;7;17;1.994.448;-294.448;17;17;0;0;0.00;3.900.000;-3.900.000;5;6;0,087022059;624;689.351.379;0;0;0;1;0.1260;0.829099;0.0000;-0.0199;-0.1092;-0.2113;-0.0033;Desvio_Volume_Pct_Lag_1;-0.1746;Volumetria;TME_Real_Avg_Lag_1;-0.1268;TMA;Delta_TMA_Lag_1;-0.0718;TMA;Pressao_Prevista_Vol_HC;0.0910;Causas_Raiz;Vol_Previsto;0.0644;Volumetria;NewHire_Pct_Daily;0.0240;Pessoas
18/04/2026;20:00:00;347851;7;16;1.938.330;-338.330;16;16;0;0;0.00;3.500.000;-3.500.000;5;6;0,087022059;567;686.703.480;0;0;0;1;0.1233;0.690033;0.0000;-0.0198;-0.1028;-0.2090;-0.0081;Desvio_Volume_Pct_Lag_1;-0.1746;Volumetria;TME_Real_Avg_Lag_1;-0.1266;TMA;Delta_TMA_Lag_1;-0.0691;TMA;Pressao_Prevista_Vol_HC;0.0908;Causas_Raiz;Vol_Previsto;0.0708;Volumetria;NewHire_Pct_Daily;0.0238;Pessoas
18/04/2026;20:30:00;347851;7;19;1.755.570;144.430;18;18;1;0,052631579;0.00;3.300.000;-3.300.000;5;6;0,087022059;781;691.854.979;0;0;0;0,947368421;0.1233;0.724700;0.0000;-0.0205;-0.1030;-0.2087;-0.0081;Desvio_Volume_Pct_Lag_1;-0.1748;Volumetria;TME_Real_Avg_Lag_1;-0.1266;TMA;Delta_TMA_Lag_1;-0.0688;TMA;Pressao_Prevista_Vol_HC;0.0911;Causas_Raiz;Vol_Previsto;0.0708;Volumetria;NewHire_Pct_Daily;0.0238;Pessoas
18/04/2026;21:00:00;347851;7;12;1.460.574;-260.574;12;12;0;0;0.00;2.700.000;-2.700.000;5;6;0,087022059;842;701.184.320;0;0;0;1;0.1233;0.719300;0.0000;-0.0303;-0.0955;-0.2094;-0.0077;Desvio_Volume_Pct_Lag_1;-0.1668;Volumetria;TME_Real_Avg_Lag_1;-0.1268;TMA;Delta_TMA_Lag_1;-0.0695;TMA;Pressao_Prevista_Vol_HC;0.0920;Causas_Raiz;Vol_Previsto;0.0703;Volumetria;NewHire_Pct_Daily;0.0234;Pessoas
18/04/2026;21:30:00;347851;7;9;1.365.021;-465.021;8;7;1;0,111111111;0.00;2.100.000;-2.100.000;5;6;0,087022059;1581;711.470.900;34;0;0;0,777777778;0.1185;0.331699;0.0000;-0.0175;-0.0892;-0.2067;-0.0144;Desvio_Volume_Pct_Lag_1;-0.1648;Volumetria;TME_Real_Avg_Lag_1;-0.1256;TMA;Delta_TMA_Lag_1;-0.0702;TMA;Pressao_Prevista_Vol_HC;0.0826;Causas_Raiz;Vol_Previsto;0.0744;Volumetria;NewHire_Pct_Daily;0.0241;Pessoas
18/04/2026;22:00:00;347851;7;5;978.267;-478.267;5;3;0;0;0.00;1.500.000;-1.500.000;5;6;0,087022059;1181;694.908.359;16;0;0;0,6;0.1747;0.280899;0.0000;0.0086;-0.0780;-0.1943;-0.0121;Desvio_Volume_Pct_Lag_1;-0.1548;Volumetria;TME_Real_Avg_Lag_1;-0.1257;TMA;Delta_TMA_Lag_1;-0.0718;TMA;Pressao_Prevista_Vol_HC;0.0834;Causas_Raiz;Vol_Previsto;0.0755;Volumetria;NewHire_Pct_Daily;0.0239;Pessoas
18/04/2026;22:30:00;347851;7;2;814.746;-614.746;2;2;0;0;0.00;1.500.000;-1.500.000;5;6;0,087022059;1445;656.703.960;0;0;0;1;0.1656;0.573300;0.0000;0.0011;-0.0958;-0.2009;-0.0053;Desvio_Volume_Pct_Lag_1;-0.1609;Volumetria;TME_Real_Avg_Lag_1;-0.1265;TMA;Delta_TMA_Lag_1;-0.0708;TMA;Pressao_Prevista_Vol_HC;0.0924;Causas_Raiz;Vol_Previsto;0.0641;Volumetria;NewHire_Pct_Daily;0.0231;Pessoas
18/04/2026;23:00:00;347851;7;5;652.650;-152.650;4;3;0;0;0.00;900.000;-900.000;5;6;0,087022059;344;661.732.879;52;0;0;0,6;0.1708;0.113200;0.0000;0.0050;-0.0888;-0.1949;0.0001;Desvio_Volume_Pct_Lag_1;-0.1552;Volumetria;TME_Real_Avg_Lag_1;-0.1235;TMA;Delta_TMA_Lag_1;-0.0762;TMA;Pressao_Prevista_Vol_HC;0.0870;Causas_Raiz;Vol_Previsto;0.0652;Volumetria;NewHire_Pct_Daily;0.0229;Pessoas
18/04/2026;23:30:00;347851;7;0;254.391;-254.391;1;0;0;0;0.00;300.000;-300.000;5;6;0,087022059;0;687.045.259;467;0;0;0;0.1246;0.243599;0.0000;-0.0321;-0.1055;-0.1529;0.0019;Desvio_Volume_Pct_Lag_1;-0.1218;Volumetria;TME_Real_Avg_Lag_1;-0.0940;TMA;Delta_TMA_Lag_1;-0.0570;TMA;Pressao_Prevista_Vol_HC;0.0826;Causas_Raiz;Ferias_Qtd_Daily;0.0202;Pessoas;NewHire_Pct_Daily;0.0185;Pessoas
19/04/2026;00:00:00;347851;7;0;0.00000;0.00000;0;0;0;0;0.00;0.00000;0.00000;0;0;0;0;0.000000;0;0;0;0;NULL;0.000000;NULL;NULL;NULL;NULL;NULL;NULL;NULL;NULL;NULL;NULL;NULL;NULL;NULL;NULL;NULL;NULL;NULL;NULL;NULL;NULL;NULL;NULL;NULL
19/04/2026;00:30:00;347851;7;0;0.00000;0.00000;0;0;0;0;0.00;0.00000;0.00000;0;0;0;0;0.000000;0;0;0;0;NULL;0.000000;NULL;NULL;NULL;NULL;NULL;NULL;NULL;NULL;NULL;NULL;NULL;NULL;NULL;NULL;NULL;NULL;NULL;NULL;NULL;NULL;NULL;NULL;NULL
19/04/2026;01:00:00;347851;7;0;0.00000;0.00000;0;0;0;0;0.00;0.00000;0.00000;0;0;0;0;0.000000;0;0;0;0;NULL;0.000000;NULL;NULL;NULL;NULL;NULL;NULL;NULL;NULL;NULL;NULL;NULL;NULL;NULL;NULL;NULL;NULL;NULL;NULL;NULL;NULL;NULL;NULL;NULL
19/04/2026;01:30:00;347851;7;0;0.00000;0.00000;0;0;0;0;0.00;0.00000;0.00000;0;0;0;0;0.000000;0;0;0;0;NULL;0.000000;NULL;NULL;NULL;NULL;NULL;NULL;NULL;NULL;NULL;NULL;NULL;NULL;NULL;NULL;NULL;NULL;NULL;NULL;NULL;NULL;NULL;NULL;NULL
19/04/2026;02:00:00;347851;7;0;0.00000;0.00000;0;0;0;0;0.00;0.00000;0.00000;0;0;0;0;0.000000;0;0;0;0;NULL;0.000000;NULL;NULL;NULL;NULL;NULL;NULL;NULL;NULL;NULL;NULL;NULL;NULL;NULL;NULL;NULL;NULL;NULL;NULL;NULL;NULL;NULL;NULL;NULL
19/04/2026;02:30:00;347851;7;0;0.00000;0.00000;0;0;0;0;0.00;0.00000;0.00000;0;0;0;0;0.000000;0;0;0;0;NULL;0.000000;NULL;NULL;NULL;NULL;NULL;NULL;NULL;NULL;NULL;NULL;NULL;NULL;NULL;NULL;NULL;NULL;NULL;NULL;NULL;NULL;NULL;NULL;NULL
19/04/2026;03:00:00;347851;7;0;0.00000;0.00000;0;0;0;0;0.00;0.00000;0.00000;0;0;0;0;0.000000;0;0;0;0;NULL;0.000000;NULL;NULL;NULL;NULL;NULL;NULL;NULL;NULL;NULL;NULL;NULL;NULL;NULL;NULL;NULL;NULL;NULL;NULL;NULL;NULL;NULL;NULL;NULL
19/04/2026;03:30:00;347851;7;0;0.00000;0.00000;0;0;0;0;0.00;0.00000;0.00000;0;0;0;0;0.000000;0;0;0;0;NULL;0.000000;NULL;NULL;NULL;NULL;NULL;NULL;NULL;NULL;NULL;NULL;NULL;NULL;NULL;NULL;NULL;NULL;NULL;NULL;NULL;NULL;NULL;NULL;NULL
19/04/2026;04:00:00;347851;7;0;0.00000;0.00000;0;0;0;0;0.00;0.00000;0.00000;0;0;0;0;0.000000;0;0;0;0;NULL;0.000000;NULL;NULL;NULL;NULL;NULL;NULL;NULL;NULL;NULL;NULL;NULL;NULL;NULL;NULL;NULL;NULL;NULL;NULL;NULL;NULL;NULL;NULL;NULL
19/04/2026;04:30:00;347851;7;0;0.00000;0.00000;0;0;0;0;0.00;0.00000;0.00000;0;0;0;0;0.000000;0;0;0;0;NULL;0.000000;NULL;NULL;NULL;NULL;NULL;NULL;NULL;NULL;NULL;NULL;NULL;NULL;NULL;NULL;NULL;NULL;NULL;NULL;NULL;NULL;NULL;NULL;NULL
19/04/2026;05:00:00;347851;7;0;0.00000;0.00000;0;0;0;0;0.00;0.00000;0.00000;0;0;0;0;0.000000;0;0;0;0;NULL;0.000000;NULL;NULL;NULL;NULL;NULL;NULL;NULL;NULL;NULL;NULL;NULL;NULL;NULL;NULL;NULL;NULL;NULL;NULL;NULL;NULL;NULL;NULL;NULL
19/04/2026;05:30:00;347851;7;0;0.00000;0.00000;0;0;0;0;0.00;200.000;-200.000;0;0;0;0;0.000000;0;0;0;0;0.0480;0.000000;0.0000;-0.0137;-0.1105;-0.1082;0.0145;Pressao_Prevista_Vol_HC;-0.0852;Causas_Raiz;Vol_Previsto;-0.0835;Volumetria;TME_Real_Avg_Lag_1;-0.0722;TMA;Hora;0.0149;Contexto_Temporal;Ferias_Qtd_Daily;0.0121;Pessoas;Margem_Capacidade;0.0053;Causas_Raiz
19/04/2026;06:00:00;347851;7;0;140.520;-140.520;0;0;0;0;0.00;1.200.000;-1.200.000;0;0;0;0;625.142.209;0;0;0;0;0.4867;0.986500;0.0000;-0.0002;0.0611;-0.0679;0.0163;TME_Real_Avg_Lag_1;-0.0799;TMA;ABS_Taxa_Daily;-0.0264;Pessoas;Indicador_Sufoco;-0.0160;Causas_Raiz;Pressao_Prevista_Vol_HC;0.1171;Causas_Raiz;Desvio_Volume_Pct_Lag_1;0.0465;Volumetria;Ferias_Qtd_Daily;0.0404;Pessoas
19/04/2026;06:30:00;347851;7;0;324.276;-324.276;0;0;0;0;0.00;1.200.000;-1.200.000;0;0;0;0;607.463.779;0;0;0;0;0.2854;0.897500;0.0000;0.0123;-0.0707;-0.1317;0.0097;TME_Real_Avg_Lag_1;-0.1149;TMA;Desvio_Volume_Pct_Lag_1;-0.1063;Volumetria;ABS_Taxa_Daily;-0.0277;Pessoas;Pressao_Prevista_Vol_HC;0.0882;Causas_Raiz;Vol_Previsto;0.0348;Volumetria;Ferias_Qtd_Daily;0.0297;Pessoas
19/04/2026;07:00:00;347851;7;2;488.988;-288.988;2;2;0;0;0.00;1.200.000;-1.200.000;0;0;0;486;655.421.799;2;0;0;1;0.2909;0.704000;0.0000;0.0047;-0.0526;-0.1547;0.0073;Desvio_Volume_Pct_Lag_1;-0.1443;Volumetria;TME_Real_Avg_Lag_1;-0.1102;TMA;Delta_TMA_Lag_1;-0.0453;TMA;Pressao_Prevista_Vol_HC;0.0973;Causas_Raiz;Vol_Previsto;0.0907;Volumetria;NewHire_Pct_Daily;0.0208;Pessoas
19/04/2026;07:30:00;347851;7;5;659.361;-159.361;5;3;0;0;0.00;1.200.000;-1.200.000;0;0;0;25;660.034.059;14;0;0;0,6;0.1870;0.470900;0.0000;0.0007;-0.0887;-0.1873;0.0056;Desvio_Volume_Pct_Lag_1;-0.1532;Volumetria;TME_Real_Avg_Lag_1;-0.1248;TMA;Delta_TMA_Lag_1;-0.0666;TMA;Pressao_Prevista_Vol_HC;0.0894;Causas_Raiz;Vol_Previsto;0.0634;Volumetria;NewHire_Pct_Daily;0.0205;Pessoas
19/04/2026;08:00:00;347851;7;0;1.040.886;-1.040.886;0;0;0;0;0.00;1.200.000;-1.200.000;0;0;0;0;545.435.160;0;0;0;0;0.1753;0.174800;0.0000;-0.0135;-0.0714;-0.1913;0.0026;Desvio_Volume_Pct_Lag_1;-0.1529;Volumetria;TME_Real_Avg_Lag_1;-0.1251;TMA;Delta_TMA_Lag_1;-0.0703;TMA;Pressao_Prevista_Vol_HC;0.0881;Causas_Raiz;Vol_Previsto;0.0805;Volumetria;NewHire_Pct_Daily;0.0204;Pessoas
19/04/2026;08:30:00;347851;7;12;1.441.227;-241.227;12;12;0;0;0.00;2.400.000;-2.400.000;0;0;0;347;586.940.659;1;0;0;1;0.1410;0.756599;0.0000;-0.0407;-0.0926;-0.1924;0.0053;Desvio_Volume_Pct_Lag_1;-0.1646;Volumetria;TME_Real_Avg_Lag_1;-0.1252;TMA;Delta_TMA_Lag_1;-0.0618;TMA;Pressao_Prevista_Vol_HC;0.0893;Causas_Raiz;Vol_Previsto;0.0708;Volumetria;NewHire_Pct_Daily;0.0202;Pessoas
19/04/2026;09:00:00;347851;7;8;1.558.326;-758.326;8;8;0;0;0.00;2.400.000;-2.400.000;0;0;0;198;629.418.340;0;0;0;1;0.1258;0.582199;0.0000;-0.0374;-0.0944;-0.1969;-0.0031;Desvio_Volume_Pct_Lag_1;-0.1648;Volumetria;TME_Real_Avg_Lag_1;-0.1251;TMA;Delta_TMA_Lag_1;-0.0630;TMA;Pressao_Prevista_Vol_HC;0.0870;Causas_Raiz;Vol_Previsto;0.0692;Volumetria;NewHire_Pct_Daily;0.0192;Pessoas
19/04/2026;09:30:00;347851;7;13;1.765.503;-465.503;13;13;0;0;0.00;3.000.000;-3.000.000;0;0;0;463;596.489.260;0;0;0;1;0.1121;0.736599;0.0000;-0.0438;-0.0934;-0.1951;-0.0037;Desvio_Volume_Pct_Lag_1;-0.1688;Volumetria;TME_Real_Avg_Lag_1;-0.1256;TMA;Delta_TMA_Lag_1;-0.0606;TMA;Pressao_Prevista_Vol_HC;0.0837;Causas_Raiz;Vol_Previsto;0.0742;Volumetria;NewHire_Pct_Daily;0.0190;Pessoas
19/04/2026;10:00:00;347851;7;12;2.021.721;-821.721;12;12;0;0;0.00;3.600.000;-3.600.000;0;0;0;544;664.632.359;0;0;0;1;0.0995;0.743500;0.0000;-0.0391;-0.1015;-0.2012;-0.0121;Desvio_Volume_Pct_Lag_1;-0.1743;Volumetria;TME_Real_Avg_Lag_1;-0.1262;TMA;Delta_TMA_Lag_1;-0.0633;TMA;Pressao_Prevista_Vol_HC;0.0872;Causas_Raiz;Vol_Previsto;0.0717;Volumetria;NewHire_Pct_Daily;0.0190;Pessoas
19/04/2026;10:30:00;347851;7;8;2.220.798;-1.420.798;8;8;0;0;0.00;3.900.000;-3.900.000;0;0;0;548;646.001.229;1;0;0;1;0.0904;0.751000;0.0000;-0.0379;-0.1019;-0.2043;-0.0129;Desvio_Volume_Pct_Lag_1;-0.1742;Volumetria;TME_Real_Avg_Lag_1;-0.1264;TMA;Delta_TMA_Lag_1;-0.0669;TMA;Pressao_Prevista_Vol_HC;0.0824;Causas_Raiz;Vol_Previsto;0.0712;Volumetria;NewHire_Pct_Daily;0.0209;Pessoas
19/04/2026;11:00:00;347851;7;13;2.580.696;-1.280.696;13;13;0;0;0.00;4.500.000;-4.500.000;0;0;0;405;646.488.969;1;0;0;1;0.0890;0.829799;0.0000;-0.0384;-0.1042;-0.2020;-0.0131;Desvio_Volume_Pct_Lag_1;-0.1735;Volumetria;TME_Real_Avg_Lag_1;-0.1250;TMA;Delta_TMA_Lag_1;-0.0667;TMA;Pressao_Prevista_Vol_HC;0.0823;Causas_Raiz;Vol_Previsto;0.0681;Volumetria;NewHire_Pct_Daily;0.0203;Pessoas
19/04/2026;11:30:00;347851;7;17;2.545.074;-845.074;17;17;0;0;0.00;4.500.000;-4.500.000;0;0;0;376;679.832.979;0;0;0;1;0.0941;0.790899;0.0000;-0.0378;-0.1047;-0.2031;-0.0117;Desvio_Volume_Pct_Lag_1;-0.1736;Volumetria;TME_Real_Avg_Lag_1;-0.1255;TMA;Delta_TMA_Lag_1;-0.0667;TMA;Pressao_Prevista_Vol_HC;0.0873;Causas_Raiz;Vol_Previsto;0.0679;Volumetria;NewHire_Pct_Daily;0.0203;Pessoas
19/04/2026;12:00:00;347851;7;14;2.181.492;-781.492;14;14;0;0;0.00;3.900.000;-3.900.000;0;0;0;413;677.219.900;0;0;0;1;0.1064;0.701933;0.0000;-0.0338;-0.1019;-0.2040;-0.0091;Desvio_Volume_Pct_Lag_1;-0.1739;Volumetria;TME_Real_Avg_Lag_1;-0.1264;TMA;Delta_TMA_Lag_1;-0.0668;TMA;Pressao_Prevista_Vol_HC;0.0870;Causas_Raiz;Vol_Previsto;0.0710;Volumetria;NewHire_Pct_Daily;0.0209;Pessoas
19/04/2026;12:30:00;347851;7;15;1.999.701;-499.701;15;15;0;0;0.00;3.300.000;-3.300.000;0;0;0;750;653.717.179;0;0;0;1;0.0999;0.633500;0.0000;-0.0340;-0.1064;-0.2033;-0.0095;Desvio_Volume_Pct_Lag_1;-0.1739;Volumetria;TME_Real_Avg_Lag_1;-0.1255;TMA;Delta_TMA_Lag_1;-0.0666;TMA;Pressao_Prevista_Vol_HC;0.0821;Causas_Raiz;Vol_Previsto;0.0663;Volumetria;NewHire_Pct_Daily;0.0209;Pessoas
19/04/2026;13:00:00;347851;7;15;2.061.756;-561.756;15;15;0;0;0.00;3.500.000;-3.500.000;0;0;0;484;669.997.009;0;0;0;1;0.1160;0.641900;0.0000;-0.0256;-0.1013;-0.2052;0.0002;Desvio_Volume_Pct_Lag_1;-0.1737;Volumetria;TME_Real_Avg_Lag_1;-0.1259;TMA;Delta_TMA_Lag_1;-0.0682;TMA;Pressao_Prevista_Vol_HC;0.0816;Causas_Raiz;Vol_Previsto;0.0712;Volumetria;NewHire_Pct_Daily;0.0203;Pessoas
19/04/2026;13:30:00;347851;7;14;2.064.558;-664.558;14;14;0;0;0.00;3.900.000;-3.900.000;0;0;0;470;647.272.790;1;0;0;1;0.1206;0.852600;0.0000;-0.0283;-0.1017;-0.2064;0.0008;Desvio_Volume_Pct_Lag_1;-0.1737;Volumetria;TME_Real_Avg_Lag_1;-0.1264;TMA;Delta_TMA_Lag_1;-0.0682;TMA;Pressao_Prevista_Vol_HC;0.0865;Causas_Raiz;Vol_Previsto;0.0710;Volumetria;NewHire_Pct_Daily;0.0205;Pessoas
19/04/2026;14:00:00;347851;7;16;1.761.900;-161.900;16;16;0;0;0.00;3.900.000;-3.900.000;0;0;0;549;654.532.080;1;0;0;1;0.1520;0.934500;0.0000;-0.0239;-0.1058;-0.1984;0.0002;Desvio_Volume_Pct_Lag_1;-0.1738;Volumetria;TME_Real_Avg_Lag_1;-0.1265;TMA;Delta_TMA_Lag_1;-0.0590;TMA;Pressao_Prevista_Vol_HC;0.0989;Causas_Raiz;Vol_Previsto;0.0671;Volumetria;NewHire_Pct_Daily;0.0199;Pessoas
19/04/2026;14:30:00;347851;7;18;1.765.503;0.34497;18;18;0;0;0.00;3.800.000;-3.800.000;0;0;0;468;686.677.759;0;0;0;1;0.1382;0.888466;0.0000;-0.0239;-0.1082;-0.2021;0.0002;Desvio_Volume_Pct_Lag_1;-0.1738;Volumetria;TME_Real_Avg_Lag_1;-0.1265;TMA;Delta_TMA_Lag_1;-0.0627;TMA;Pressao_Prevista_Vol_HC;0.0973;Causas_Raiz;Vol_Previsto;0.0646;Volumetria;NewHire_Pct_Daily;0.0199;Pessoas
19/04/2026;15:00:00;347851;7;20;1.887.105;112.895;20;20;0;0;0.00;3.600.000;-3.600.000;0;0;0;429;687.879.070;0;0;0;1;0.1202;0.780000;0.0000;-0.0282;-0.1028;-0.2078;-0.0035;Desvio_Volume_Pct_Lag_1;-0.1746;Volumetria;TME_Real_Avg_Lag_1;-0.1264;TMA;Delta_TMA_Lag_1;-0.0682;TMA;Pressao_Prevista_Vol_HC;0.0904;Causas_Raiz;Vol_Previsto;0.0708;Volumetria;NewHire_Pct_Daily;0.0205;Pessoas
19/04/2026;15:30:00;347851;7;18;1.740.282;0.59718;18;17;0;0;0.00;3.800.000;-3.800.000;0;0;0;683;697.025.360;7;0;0;0,944444444;0.1382;0.878133;0.0000;-0.0257;-0.1093;-0.2020;-0.0037;Desvio_Volume_Pct_Lag_1;-0.1748;Volumetria;TME_Real_Avg_Lag_1;-0.1266;TMA;Delta_TMA_Lag_1;-0.0626;TMA;Pressao_Prevista_Vol_HC;0.1007;Causas_Raiz;Vol_Previsto;0.0645;Volumetria;NewHire_Pct_Daily;0.0204;Pessoas
19/04/2026;16:00:00;347851;7;19;1.647.585;252.415;19;19;0;0;0.00;3.400.000;-3.400.000;0;0;0;590;691.091.460;0;0;0;1;0.1382;0.804733;0.0000;-0.0262;-0.1097;-0.2008;-0.0031;Desvio_Volume_Pct_Lag_1;-0.1751;Volumetria;TME_Real_Avg_Lag_1;-0.1266;TMA;Delta_TMA_Lag_1;-0.0616;TMA;Pressao_Prevista_Vol_HC;0.0997;Causas_Raiz;Vol_Previsto;0.0645;Volumetria;NewHire_Pct_Daily;0.0205;Pessoas
19/04/2026;16:30:00;347851;7;12;1.585.350;-385.350;12;12;0;0;0.00;3.000.000;-3.000.000;0;0;0;733;693.754.590;0;0;0;1;0.1202;0.689900;0.0000;-0.0334;-0.0976;-0.2073;-0.0032;Desvio_Volume_Pct_Lag_1;-0.1693;Volumetria;TME_Real_Avg_Lag_1;-0.1264;TMA;Delta_TMA_Lag_1;-0.0679;TMA;Pressao_Prevista_Vol_HC;0.0894;Causas_Raiz;Vol_Previsto;0.0707;Volumetria;NewHire_Pct_Daily;0.0205;Pessoas
19/04/2026;17:00:00;347851;7;15;1.733.475;-233.475;15;15;0;0;0.00;3.200.000;-3.200.000;0;0;0;422;692.708.959;1;0;0;1;0.1343;0.687833;0.0000;-0.0226;-0.1030;-0.2071;0.0030;Desvio_Volume_Pct_Lag_1;-0.1748;Volumetria;TME_Real_Avg_Lag_1;-0.1264;TMA;Delta_TMA_Lag_1;-0.0680;TMA;Pressao_Prevista_Vol_HC;0.0903;Causas_Raiz;Vol_Previsto;0.0708;Volumetria;NewHire_Pct_Daily;0.0205;Pessoas
19/04/2026;17:30:00;347851;7;5;1.693.440;-1.193.440;5;5;0;0;0.00;3.300.000;-3.300.000;0;0;0;851;673.916.749;0;0;0;1;0.1343;0.787400;0.0000;-0.0226;-0.1094;-0.2071;0.0032;Desvio_Volume_Pct_Lag_1;-0.1748;Volumetria;TME_Real_Avg_Lag_1;-0.1266;TMA;Delta_TMA_Lag_1;-0.0680;TMA;Pressao_Prevista_Vol_HC;0.0908;Causas_Raiz;Vol_Previsto;0.0644;Volumetria;NewHire_Pct_Daily;0.0205;Pessoas
19/04/2026;18:00:00;347851;7;6;1.275.486;-675.486;6;6;0;0;0.00;3.300.000;-3.300.000;0;0;0;1490;693.341.100;0;0;0;1;0.1909;0.935199;0.0000;-0.0205;-0.1026;-0.1845;0.0049;Desvio_Volume_Pct_Lag_1;-0.1739;Volumetria;TME_Real_Avg_Lag_1;-0.1252;TMA;Delta_TMA_Lag_1;-0.0581;TMA;Pressao_Prevista_Vol_HC;0.0974;Causas_Raiz;Vol_Previsto;0.0703;Volumetria;NewHire_Pct_Daily;0.0206;Pessoas
19/04/2026;18:30:00;347851;7;10;1.421.211;-421.211;10;10;0;0;0.00;3.300.000;-3.300.000;0;0;0;563;675.264.529;0;0;0;1;0.1661;0.902999;0.0000;-0.0209;-0.1072;-0.1966;0.0030;Desvio_Volume_Pct_Lag_1;-0.1751;Volumetria;TME_Real_Avg_Lag_1;-0.1266;TMA;Delta_TMA_Lag_1;-0.0581;TMA;Pressao_Prevista_Vol_HC;0.1017;Causas_Raiz;Vol_Previsto;0.0669;Volumetria;NewHire_Pct_Daily;0.0203;Pessoas
19/04/2026;19:00:00;347851;7;8;1.397.190;-597.190;8;8;0;0;0.00;3.300.000;-3.300.000;0;0;0;908;662.729.000;0;0;0;1;0.1857;0.918499;0.0000;-0.0204;-0.1060;-0.1891;0.0028;Desvio_Volume_Pct_Lag_1;-0.1739;Volumetria;TME_Real_Avg_Lag_1;-0.1244;TMA;Delta_TMA_Lag_1;-0.0581;TMA;Pressao_Prevista_Vol_HC;0.1026;Causas_Raiz;Vol_Previsto;0.0669;Volumetria;NewHire_Pct_Daily;0.0206;Pessoas
19/04/2026;19:30:00;347851;7;0;1.508.784;-1.508.784;0;0;0;0;0.00;2.900.000;-2.900.000;0;0;0;0;712.604.810;0;0;0;0;0.1343;0.717600;0.0000;-0.0293;-0.1039;-0.2066;0.0029;Desvio_Volume_Pct_Lag_1;-0.1693;Volumetria;TME_Real_Avg_Lag_1;-0.1261;TMA;Delta_TMA_Lag_1;-0.0680;TMA;Pressao_Prevista_Vol_HC;0.0902;Causas_Raiz;Vol_Previsto;0.0643;Volumetria;NewHire_Pct_Daily;0.0203;Pessoas
19/04/2026;20:00:00;347851;7;0;1.450.233;-1.450.233;0;0;0;0;0.00;2.700.000;-2.700.000;0;0;0;0;702.464.479;0;0;0;0;0.1231;0.725300;0.0000;-0.0344;-0.0954;-0.2110;-0.0027;Desvio_Volume_Pct_Lag_1;-0.1668;Volumetria;TME_Real_Avg_Lag_1;-0.1263;TMA;Delta_TMA_Lag_1;-0.0715;TMA;Pressao_Prevista_Vol_HC;0.0920;Causas_Raiz;Vol_Previsto;0.0704;Volumetria;NewHire_Pct_Daily;0.0203;Pessoas
19/04/2026;20:30:00;347851;7;0;1.156.257;-1.156.257;0;0;0;0;0.00;2.700.000;-2.700.000;0;0;0;0;677.614.859;0;0;0;0;0.1782;0.914199;0.0000;-0.0299;-0.0929;-0.1882;-0.0028;Desvio_Volume_Pct_Lag_1;-0.1622;Volumetria;TME_Real_Avg_Lag_1;-0.1265;TMA;Delta_TMA_Lag_1;-0.0590;TMA;Pressao_Prevista_Vol_HC;0.1046;Causas_Raiz;Vol_Previsto;0.0682;Volumetria;NewHire_Pct_Daily;0.0200;Pessoas
19/04/2026;21:00:00;347851;7;0;990.843;-990.843;0;0;0;0;0.00;2.100.000;-2.100.000;0;0;0;0;721.061.209;0;0;0;0;0.1791;0.662300;0.0000;-0.0153;-0.0933;-0.1918;-0.0025;Desvio_Volume_Pct_Lag_1;-0.1602;Volumetria;TME_Real_Avg_Lag_1;-0.1264;TMA;Delta_TMA_Lag_1;-0.0632;TMA;Pressao_Prevista_Vol_HC;0.1025;Causas_Raiz;Vol_Previsto;0.0659;Volumetria;NewHire_Pct_Daily;0.0200;Pessoas
19/04/2026;21:30:00;347851;7;0;1.072.914;-1.072.914;0;0;0;0;0.00;1.800.000;-1.800.000;0;0;0;0;663.344.449;0;0;0;0;0.1482;0.526199;0.0000;-0.0114;-0.0911;-0.1984;-0.0076;Desvio_Volume_Pct_Lag_1;-0.1598;Volumetria;TME_Real_Avg_Lag_1;-0.1253;TMA;Delta_TMA_Lag_1;-0.0724;TMA;Pressao_Prevista_Vol_HC;0.0835;Causas_Raiz;Vol_Previsto;0.0675;Volumetria;NewHire_Pct_Daily;0.0206;Pessoas
19/04/2026;22:00:00;347851;7;0;936.798;-936.798;0;0;0;0;0.00;1.200.000;-1.200.000;0;0;0;0;679.824.909;0;0;0;0;0.1789;0.016699;0.0000;0.0037;-0.0778;-0.1915;-0.0058;Desvio_Volume_Pct_Lag_1;-0.1545;Volumetria;TME_Real_Avg_Lag_1;-0.1254;TMA;Delta_TMA_Lag_1;-0.0698;TMA;Pressao_Prevista_Vol_HC;0.0843;Causas_Raiz;Vol_Previsto;0.0755;Volumetria;NewHire_Pct_Daily;0.0202;Pessoas
19/04/2026;22:30:00;347851;7;0;528.450;-528.450;0;0;0;0;0.00;1.200.000;-1.200.000;0;0;0;0;697.215.609;0;0;0;0;0.2244;0.610600;0.0000;0.0087;-0.0820;-0.1787;-0.0028;Desvio_Volume_Pct_Lag_1;-0.1540;Volumetria;TME_Real_Avg_Lag_1;-0.1175;TMA;Delta_TMA_Lag_1;-0.0607;TMA;Pressao_Prevista_Vol_HC;0.1005;Causas_Raiz;Vol_Previsto;0.0710;Volumetria;NewHire_Pct_Daily;0.0188;Pessoas
19/04/2026;23:00:00;347851;7;0;540.459;-540.459;0;0;0;0;0.00;1.000.000;-1.000.000;0;0;0;0;616.106.280;0;0;0;0;0.1630;0.453799;0.0000;0.0021;-0.1016;-0.1974;0.0077;Desvio_Volume_Pct_Lag_1;-0.1533;Volumetria;TME_Real_Avg_Lag_1;-0.1240;TMA;Delta_TMA_Lag_1;-0.0739;TMA;Pressao_Prevista_Vol_HC;0.0957;Causas_Raiz;Vol_Previsto;0.0507;Volumetria;NewHire_Pct_Daily;0.0195;Pessoas
19/04/2026;23:30:00;347851;7;0;195.594;-195.594;0;0;0;0;0.00;200.000;-200.000;0;0;0;0;682.483.870;0;0;0;0;0.0561;0.148499;0.0000;-0.0374;-0.1573;-0.1468;0.0089;Desvio_Volume_Pct_Lag_1;-0.1128;Volumetria;TME_Real_Avg_Lag_1;-0.0959;TMA;Delta_TMA_Lag_1;-0.0539;TMA;Pressao_Prevista_Vol_HC;0.0763;Causas_Raiz;Ferias_Qtd_Daily;0.0213;Pessoas;Vol_Por_Agente;0.0166;Causas_Raiz
